condition,metric,M5_distilbert,M8_adversarial,change
E1_clean,macro_f1,0.9429525720177242,0.95076420154258,0.007811629524855812
E2_paraphrase,macro_f1,0.9290380976664196,0.9290994520212079,6.135435478826778e-05
E3_obfuscated,macro_f1,0.778446070724525,0.8918948186761243,0.11344874795159932
E4_codemix,macro_f1,0.5909722044718789,0.7904776746514409,0.199505470179562
E5_crossdataset,macro_f1,,,
FP_promptbench,macro_f1,,,
E5x_pooled,macro_f1,0.1547645550471715,0.1558676731667051,0.0011031181195336193
E1_clean,recall,0.8823529411764706,0.9019607843137255,0.019607843137254943
E2_paraphrase,recall,0.8780487804878049,0.894308943089431,0.016260162601626105
E3_obfuscated,recall,0.9411764705882352,0.8931888544891641,-0.047987616099071095
E4_codemix,recall,1.0,0.9629629629629629,-0.03703703703703709
E5_crossdataset,recall,0.9273333333333332,0.934,0.006666666666666821
FP_promptbench,recall,,,
E5x_pooled,recall,0.9273333333333332,0.934,0.006666666666666821
E1_clean,specificity,0.9848484848484848,0.9848484848484849,1.1102230246251565e-16
E2_paraphrase,specificity,0.982905982905983,0.9658119658119658,-0.017094017094017144
E3_obfuscated,specificity,0.7014885699096225,0.905103668261563,0.20361509835194047
E4_codemix,specificity,0.2866666666666667,0.637037037037037,0.3503703703703703
E5_crossdataset,specificity,,,
FP_promptbench,specificity,0.002008032128514,0.002168674698795181,0.0001606425702811807
E5x_pooled,specificity,0.002008032128514,0.002168674698795181,0.0001606425702811807
E1_clean,roc_auc,0.9873737373737372,0.9846999405822935,-0.00267379679144375
E2_paraphrase,roc_auc,0.9695643110277256,0.9849906191369606,0.015426308109235065
E3_obfuscated,roc_auc,0.922611317674052,0.9596539782705662,0.037042660596514176
E4_codemix,roc_auc,0.9200493827160492,0.929677366255144,0.009627983539094775
E5_crossdataset,roc_auc,,,
FP_promptbench,roc_auc,,,
E5x_pooled,roc_auc,0.3955838152610442,0.45224815261044177,0.056664337349397575
