model,condition,class,precision,recall,f1,support
logreg,E1_clean,Safe,0.9393939393939394,0.9393939393939394,0.9393939393939394,66
logreg,E1_clean,Injection,0.8823529411764706,0.8823529411764706,0.8823529411764706,34
logreg,E1_clean,macro avg,0.910873440285205,0.910873440285205,0.910873440285205,100
logreg,E1_clean,weighted avg,0.92,0.92,0.92,100
logreg,E2_paraphrase,Safe,0.8,0.9230769230769231,0.8571428571428571,39
logreg,E2_paraphrase,Injection,0.9142857142857143,0.7804878048780488,0.8421052631578947,41
logreg,E2_paraphrase,macro avg,0.8571428571428572,0.851782363977486,0.849624060150376,80
logreg,E2_paraphrase,weighted avg,0.8585714285714285,0.85,0.849436090225564,80
logreg,E3_obfuscated,Safe,0.9072741806554756,0.905103668261563,0.906187624750499,1254
logreg,E3_obfuscated,Injection,0.8166409861325116,0.8204334365325078,0.8185328185328186,646
logreg,E3_obfuscated,macro avg,0.8619575833939936,0.8627685523970354,0.8623602216416588,1900
logreg,E3_obfuscated,weighted avg,0.8764588945176679,0.8763157894736842,0.8763849906364876,1900
logreg,E4_codemix,Safe,0.6090014064697609,0.9622222222222222,0.7459086993970715,450
logreg,E4_codemix,Injection,0.91005291005291,0.38222222222222224,0.5383411580594679,450
logreg,E4_codemix,macro avg,0.7595271582613354,0.6722222222222223,0.6421249287282698,900
logreg,E4_codemix,weighted avg,0.7595271582613355,0.6722222222222223,0.6421249287282697,900
logreg,E5_crossdataset,Safe,0.0,0.0,0.0,0
logreg,E5_crossdataset,Injection,1.0,0.958,0.9785495403472931,1000
logreg,E5_crossdataset,macro avg,0.5,0.479,0.48927477017364657,1000
logreg,E5_crossdataset,weighted avg,1.0,0.958,0.9785495403472931,1000
logreg,FP_promptbench,Safe,1.0,0.21373493975903615,0.3521937661306333,4150
logreg,FP_promptbench,Injection,0.0,0.0,0.0,0
logreg,FP_promptbench,macro avg,0.5,0.10686746987951808,0.17609688306531665,4150
logreg,FP_promptbench,weighted avg,1.0,0.21373493975903615,0.3521937661306333,4150
logreg,E5x_pooled,Safe,0.9547900968783638,0.21373493975903615,0.3492813545973617,4150
logreg,E5x_pooled,Injection,0.2269604359156598,0.958,0.3669795058417928,1000
logreg,E5x_pooled,macro avg,0.5908752663970118,0.5858674698795181,0.35813043021957724,5150
logreg,E5x_pooled,weighted avg,0.8134639491186154,0.35825242718446604,0.3527178888195814,5150
naive_bayes,E1_clean,Safe,0.9090909090909091,0.9090909090909091,0.9090909090909091,66
naive_bayes,E1_clean,Injection,0.8235294117647058,0.8235294117647058,0.8235294117647058,34
naive_bayes,E1_clean,macro avg,0.8663101604278074,0.8663101604278074,0.8663101604278074,100
naive_bayes,E1_clean,weighted avg,0.88,0.88,0.88,100
naive_bayes,E2_paraphrase,Safe,0.8125,1.0,0.896551724137931,39
naive_bayes,E2_paraphrase,Injection,1.0,0.7804878048780488,0.8767123287671232,41
naive_bayes,E2_paraphrase,macro avg,0.90625,0.8902439024390244,0.8866320264525271,80
naive_bayes,E2_paraphrase,weighted avg,0.90859375,0.8875,0.886384034010392,80
naive_bayes,E3_obfuscated,Safe,0.9044897959183673,0.8835725677830941,0.8939088342073417,1254
naive_bayes,E3_obfuscated,Injection,0.7837037037037037,0.8188854489164087,0.8009084027252081,646
naive_bayes,E3_obfuscated,macro avg,0.8440967498110354,0.8512290083497513,0.8474086184662749,1900
naive_bayes,E3_obfuscated,weighted avg,0.8634225245653816,0.861578947368421,0.8622886875034163,1900
naive_bayes,E4_codemix,Safe,0.6773618538324421,0.8444444444444444,0.751730959446093,450
naive_bayes,E4_codemix,Injection,0.7935103244837758,0.5977777777777777,0.6818757921419518,450
naive_bayes,E4_codemix,macro avg,0.7354360891581089,0.721111111111111,0.7168033757940224,900
naive_bayes,E4_codemix,weighted avg,0.7354360891581089,0.7211111111111111,0.7168033757940225,900
naive_bayes,E5_crossdataset,Safe,0.0,0.0,0.0,0
naive_bayes,E5_crossdataset,Injection,1.0,0.992,0.9959839357429718,1000
naive_bayes,E5_crossdataset,macro avg,0.5,0.496,0.4979919678714859,1000
naive_bayes,E5_crossdataset,weighted avg,1.0,0.992,0.9959839357429718,1000
naive_bayes,FP_promptbench,Safe,1.0,0.03614457831325301,0.06976744186046512,4150
naive_bayes,FP_promptbench,Injection,0.0,0.0,0.0,0
naive_bayes,FP_promptbench,macro avg,0.5,0.018072289156626505,0.03488372093023256,4150
naive_bayes,FP_promptbench,weighted avg,1.0,0.03614457831325301,0.06976744186046512,4150
naive_bayes,E5x_pooled,Safe,0.9493670886075949,0.03614457831325301,0.06963788300835655,4150
naive_bayes,E5x_pooled,Injection,0.1987179487179487,0.992,0.3311081441922563,1000
naive_bayes,E5x_pooled,macro avg,0.5740425186627718,0.5140722891566265,0.20037301360030643,5150
naive_bayes,E5x_pooled,weighted avg,0.803609974065916,0.22174757281553398,0.12040880751008466,5150
linear_svm,E1_clean,Safe,0.9242424242424242,0.9242424242424242,0.9242424242424242,66
linear_svm,E1_clean,Injection,0.8529411764705882,0.8529411764705882,0.8529411764705882,34
linear_svm,E1_clean,macro avg,0.8885918003565062,0.8885918003565062,0.8885918003565062,100
linear_svm,E1_clean,weighted avg,0.9,0.9,0.9,100
linear_svm,E2_paraphrase,Safe,0.8,0.9230769230769231,0.8571428571428571,39
linear_svm,E2_paraphrase,Injection,0.9142857142857143,0.7804878048780488,0.8421052631578947,41
linear_svm,E2_paraphrase,macro avg,0.8571428571428572,0.851782363977486,0.849624060150376,80
linear_svm,E2_paraphrase,weighted avg,0.8585714285714285,0.85,0.849436090225564,80
linear_svm,E3_obfuscated,Safe,0.8986539984164688,0.905103668261563,0.9018673023440604,1254
linear_svm,E3_obfuscated,Injection,0.8131868131868132,0.8018575851393189,0.8074824629773967,646
linear_svm,E3_obfuscated,macro avg,0.855920405801641,0.8534806267004409,0.8546748826607286,1900
linear_svm,E3_obfuscated,weighted avg,0.869595155438386,0.87,0.8697764569593947,1900
linear_svm,E4_codemix,Safe,0.592032967032967,0.9577777777777777,0.7317487266553481,450
linear_svm,E4_codemix,Injection,0.8895348837209303,0.34,0.4919614147909968,450
linear_svm,E4_codemix,macro avg,0.7407839253769486,0.6488888888888888,0.6118550707231725,900
linear_svm,E4_codemix,weighted avg,0.7407839253769486,0.6488888888888888,0.6118550707231725,900
linear_svm,E5_crossdataset,Safe,0.0,0.0,0.0,0
linear_svm,E5_crossdataset,Injection,1.0,0.934,0.9658738366080661,1000
linear_svm,E5_crossdataset,macro avg,0.5,0.467,0.48293691830403307,1000
linear_svm,E5_crossdataset,weighted avg,1.0,0.934,0.9658738366080661,1000
linear_svm,FP_promptbench,Safe,1.0,0.3016867469879518,0.4635320251758608,4150
linear_svm,FP_promptbench,Injection,0.0,0.0,0.0,0
linear_svm,FP_promptbench,macro avg,0.5,0.1508433734939759,0.2317660125879304,4150
linear_svm,FP_promptbench,weighted avg,1.0,0.3016867469879518,0.4635320251758608,4150
linear_svm,E5x_pooled,Safe,0.9499241274658573,0.3016867469879518,0.4579370885149963,4150
linear_svm,E5x_pooled,Injection,0.24373695198329853,0.934,0.38658940397350994,1000
linear_svm,E5x_pooled,macro avg,0.5968305397245779,0.6178433734939759,0.42226324624425315,5150
linear_svm,E5x_pooled,weighted avg,0.8128004040711858,0.42446601941747575,0.44408316918655233,5150
