model_run,labels,n,n_injection,accuracy,precision,recall,specificity,f1_injection,macro_f1,mcc,roc_auc,pr_auc,tp,fp,tn,fn
distilbert_adv_seed1337,draft_v2_all,900,450,0.7155555555555555,0.6373937677053825,1.0,0.4311111111111111,0.7785467128027682,0.6905155924262288,0.5242018079048992,0.9167950617283951,0.91406242211078,450,256,194,0
distilbert_adv_seed1337,v3_all,900,447,0.7122222222222222,0.6331444759206799,1.0,0.4282560706401766,0.7753686036426712,0.6875297423159261,0.520718700840794,0.9143764414220878,0.9101287600631487,447,259,194,0
distilbert_adv_seed1337,v3_human_verified,173,81,0.7109826589595376,0.6183206106870229,1.0,0.45652173913043476,0.7641509433962265,0.6955083075190087,0.5312972807487651,0.9255233494363929,0.9098998388636605,81,50,42,0
distilbert_adv_seed2024,draft_v2_all,900,450,0.8366666666666667,0.793036750483559,0.9111111111111111,0.7622222222222222,0.8479834539813857,0.8357564328730458,0.6809229468242683,0.9337975308641975,0.936074306337578,410,107,343,40
distilbert_adv_seed2024,v3_all,900,447,0.8333333333333334,0.7872340425531915,0.9105145413870246,0.7571743929359823,0.8443983402489627,0.8324862514641942,0.6751999208806777,0.9322043942693748,0.9337718736499983,407,110,343,40
distilbert_adv_seed2024,v3_human_verified,173,81,0.8554913294797688,0.8181818181818182,0.8888888888888888,0.8260869565217391,0.8520710059171598,0.8554140340320262,0.7136364006593036,0.9448470209339774,0.9363718566112184,72,16,76,9
distilbert_adv_seed42,draft_v2_all,900,450,0.8477777777777777,0.7760141093474426,0.9777777777777777,0.7177777777777777,0.8652900688298918,0.8451609986550481,0.7203286546606504,0.9384395061728394,0.9328515390131572,440,127,323,10
distilbert_adv_seed42,v3_all,900,447,0.8444444444444444,0.7707231040564374,0.9776286353467561,0.7130242825607064,0.8619329388560157,0.8419079452549798,0.7152355086614384,0.9360811097777184,0.928297706111612,437,130,323,10
distilbert_adv_seed42,v3_human_verified,173,81,0.8786127167630058,0.8,0.9876543209876543,0.782608695652174,0.8839779005524862,0.8783525866398794,0.7782408786093894,0.9547772410091251,0.9355134285752449,80,20,72,1
distilbert_seed1337,draft_v2_all,900,450,0.63,0.5747126436781609,1.0,0.26,0.7299270072992701,0.5713127099988413,0.38655567174253413,0.9148148148148147,0.9123185080113445,450,333,117,0
distilbert_seed1337,v3_all,900,447,0.6266666666666667,0.5708812260536399,1.0,0.2582781456953642,0.7268292682926829,0.5686777920410783,0.38398716707388825,0.9133097273459067,0.9100678345433049,447,336,117,0
distilbert_seed1337,v3_human_verified,173,81,0.6242774566473989,0.5547945205479452,1.0,0.29347826086956524,0.7136563876651982,0.5837189501351201,0.40350976571871866,0.9210950080515298,0.9151423161111517,81,65,27,0
distilbert_seed2024,draft_v2_all,900,450,0.6355555555555555,0.5784061696658098,1.0,0.27111111111111114,0.7328990228013029,0.5797362246873647,0.39599537791698974,0.9094962962962964,0.9122172979685217,450,328,122,0
distilbert_seed2024,v3_all,900,447,0.6322222222222222,0.5745501285347043,1.0,0.2693156732891832,0.7297959183673469,0.5770718722271517,0.3933641502535668,0.9079218335629732,0.9096393843519606,447,331,122,0
distilbert_seed2024,v3_human_verified,173,81,0.6358381502890174,0.5625,1.0,0.31521739130434784,0.72,0.5996694214876033,0.42108168163516163,0.9201556629092861,0.9132490761121043,81,63,29,0
distilbert_seed42,draft_v2_all,900,450,0.6644444444444444,0.598404255319149,1.0,0.3288888888888889,0.7487520798668885,0.6218676787294308,0.4436310523828307,0.9358370370370369,0.9320819976876242,450,302,148,0
distilbert_seed42,v3_all,900,447,0.6611111111111111,0.5944148936170213,1.0,0.32671081677704195,0.7456213511259383,0.6190669151636348,0.4406833051047606,0.9334982789358539,0.9278710570183126,447,305,148,0
distilbert_seed42,v3_human_verified,173,81,0.6705202312138728,0.5869565217391305,1.0,0.3804347826086957,0.7397260273972602,0.6454535648797325,0.47254489389748167,0.9444444444444445,0.928965063973714,81,57,35,0
linear_svm,draft_v2_all,900,450,0.6488888888888888,0.8895348837209303,0.34,0.9577777777777777,0.4919614147909968,0.6118550707231725,0.37868219452030755,0.7137432098765432,0.7566787956435331,153,19,431,297
linear_svm,v3_all,900,447,0.6522222222222223,0.8895348837209303,0.3422818791946309,0.9580573951434879,0.49434571890145396,0.6146580414998379,0.3819311465235493,0.7136736941394926,0.7549056982465775,153,19,434,294
linear_svm,v3_human_verified,173,81,0.6705202312138728,0.8529411764705882,0.35802469135802467,0.9456521739130435,0.5043478260869565,0.6287972896668549,0.3813302623195983,0.702428878153516,0.7304123833296315,29,5,87,52
logreg,draft_v2_all,900,450,0.6722222222222223,0.91005291005291,0.38222222222222224,0.9622222222222222,0.5383411580594679,0.6421249287282698,0.4228301972318702,0.7246765432098765,0.7667289768699124,172,17,433,278
logreg,v3_all,900,447,0.6755555555555556,0.91005291005291,0.38478747203579416,0.9624724061810155,0.5408805031446541,0.6450106983077222,0.42627687046945145,0.7246075134203493,0.7651396390550735,172,17,436,275
logreg,v3_human_verified,173,81,0.6936416184971098,0.8888888888888888,0.3950617283950617,0.9565217391304348,0.5470085470085471,0.6577837494868063,0.43216872440022347,0.7263150831991412,0.7544762953669155,32,4,88,49
naive_bayes,draft_v2_all,900,450,0.7211111111111111,0.7935103244837758,0.5977777777777777,0.8444444444444444,0.6818757921419518,0.7168033757940224,0.45632240913373556,0.7864938271604938,0.800418493763682,269,70,380,181
naive_bayes,v3_all,900,447,0.7244444444444444,0.7935103244837758,0.6017897091722595,0.8454746136865342,0.6844783715012722,0.7199512173088215,0.46151502013523094,0.7869757174392937,0.7999603568941147,269,70,383,178
naive_bayes,v3_human_verified,173,81,0.7630057803468208,0.803030303030303,0.654320987654321,0.8586956521739131,0.7210884353741497,0.7575291423101904,0.5269919949478111,0.8172973698336017,0.8206949106142676,53,13,79,28
protectai_deberta,draft_v2_all,900,450,0.7844444444444445,0.7057877813504824,0.9755555555555555,0.5933333333333334,0.8190298507462687,0.7762731671313761,0.6156336854960384,0.9392271604938272,0.9411866746473639,439,183,267,11
protectai_deberta,v3_all,900,447,0.7855555555555556,0.7041800643086816,0.9798657718120806,0.5938189845474614,0.8194574368568756,0.7777177745159891,0.6208098263901679,0.9421282921216252,0.9427161281409236,438,184,269,9
protectai_deberta,v3_human_verified,173,81,0.791907514450867,0.6923076923076923,1.0,0.6086956521739131,0.8181818181818182,0.7874692874692875,0.6491569011219456,0.9684648416532475,0.9666406791446035,81,36,56,0
roberta_seed1337,draft_v2_all,900,450,0.6388888888888888,0.5806451612903226,1.0,0.2777777777777778,0.7346938775510204,0.5847382431233363,0.4016096644512494,0.8872839506172838,0.890753401501268,450,325,125,0
roberta_seed1337,v3_all,900,447,0.6355555555555555,0.5767741935483871,1.0,0.27593818984547464,0.7315875613747954,0.5820567564659445,0.3989411321452394,0.8865579210927892,0.8889014943405942,447,328,125,0
roberta_seed1337,v3_human_verified,173,81,0.630057803468208,0.5586206896551724,1.0,0.30434782608695654,0.7168141592920354,0.5917404129793511,0.412328743242268,0.8906333870101986,0.8864251394507203,81,64,28,0
roberta_seed2024,draft_v2_all,900,450,0.6422222222222222,0.582901554404145,1.0,0.28444444444444444,0.7364975450081833,0.5897020597013235,0.40718927884743006,0.7820098765432099,0.7241755609920152,450,322,128,0
roberta_seed2024,v3_all,900,447,0.6388888888888888,0.5790155440414507,1.0,0.282560706401766,0.7333880229696472,0.58700382215608,0.4044836722810393,0.7799260214034202,0.7177161232852352,447,325,128,0
roberta_seed2024,v3_human_verified,173,81,0.6242774566473989,0.5547945205479452,1.0,0.29347826086956524,0.7136563876651982,0.5837189501351201,0.40350976571871866,0.7698604401502952,0.6619598464134225,81,65,27,0
roberta_seed42,draft_v2_all,900,450,0.65,0.5882352941176471,1.0,0.3,0.7407407407407407,0.6011396011396011,0.42008402520840293,0.8279333333333333,0.8023938963270413,450,315,135,0
roberta_seed42,v3_all,900,447,0.6466666666666666,0.5843137254901961,1.0,0.2980132450331126,0.7376237623762376,0.5984037179228127,0.417292738315347,0.8290961079751691,0.8011898776735007,447,318,135,0
roberta_seed42,v3_human_verified,173,81,0.630057803468208,0.5586206896551724,1.0,0.30434782608695654,0.7168141592920354,0.5917404129793511,0.412328743242268,0.821658615136876,0.8034764867554808,81,64,28,0
