model,perturbation_rate,error_rate,fn_rate,fp_rate
distilbert_adv,0.1,0.02666666666666667,0.06862745098039216,0.005050505050505051
distilbert_adv,0.2,0.03,0.058823529411764705,0.015151515151515152
distilbert_adv,0.3,0.05,0.09313725490196079,0.027777777777777776
distilbert,0.1,0.135,0.09313725490196079,0.15656565656565657
distilbert,0.2,0.18,0.06862745098039216,0.23737373737373738
distilbert,0.3,0.24333333333333335,0.06372549019607843,0.33585858585858586
linear_svm,0.1,0.09166666666666666,0.1568627450980392,0.05808080808080808
linear_svm,0.2,0.09333333333333334,0.18627450980392157,0.045454545454545456
linear_svm,0.3,0.115,0.20588235294117646,0.06818181818181818
logreg,0.1,0.09,0.16666666666666666,0.050505050505050504
logreg,0.2,0.09166666666666666,0.19607843137254902,0.03787878787878788
logreg,0.3,0.09333333333333334,0.18627450980392157,0.045454545454545456
naive_bayes,0.1,0.11666666666666667,0.18627450980392157,0.08080808080808081
naive_bayes,0.2,0.10333333333333333,0.18627450980392157,0.06060606060606061
naive_bayes,0.3,0.10833333333333334,0.20098039215686275,0.06060606060606061
protectai_deberta,0.1,0.20666666666666667,0.4852941176470588,0.06313131313131314
protectai_deberta,0.2,0.285,0.36764705882352944,0.24242424242424243
protectai_deberta,0.3,0.3283333333333333,0.25980392156862747,0.36363636363636365
roberta,0.1,0.17,0.00980392156862745,0.25252525252525254
roberta,0.2,0.31166666666666665,0.014705882352941176,0.46464646464646464
roberta,0.3,0.42,0.00980392156862745,0.6313131313131313
