model,language,fn_rate,fp_rate,n
distilbert_adv,bn,0.06666666666666667,0.08666666666666667,300
distilbert_adv,bn-en,0.0,0.4533333333333333,300
distilbert_adv,en,0.0,0.30666666666666664,300
distilbert,bn,0.0,0.9066666666666666,300
distilbert,bn-en,0.0,0.8066666666666666,300
distilbert,en,0.0,0.3,300
linear_svm,bn,0.9933333333333333,0.0,300
linear_svm,bn-en,0.72,0.02,300
linear_svm,en,0.26666666666666666,0.10666666666666667,300
logreg,bn,0.9933333333333333,0.0,300
logreg,bn-en,0.6466666666666666,0.02,300
logreg,en,0.21333333333333335,0.09333333333333334,300
naive_bayes,bn,0.9666666666666667,0.0,300
naive_bayes,bn-en,0.19333333333333333,0.26666666666666666,300
naive_bayes,en,0.04666666666666667,0.2,300
protectai_deberta,bn,0.0,0.9466666666666667,300
protectai_deberta,bn-en,0.02666666666666667,0.24666666666666667,300
protectai_deberta,en,0.04666666666666667,0.02666666666666667,300
roberta,bn,0.0,1.0,300
roberta,bn-en,0.0,0.9866666666666667,300
roberta,en,0.0,0.11333333333333333,300
