model,length,error_rate,fn_rate,fp_rate,n
distilbert_adv,2-8 words,0.1397228637413395,0.2413793103448276,0.12836970474967907,866
distilbert_adv,8-12 words,0.13547486033519554,0.125,0.13909774436090225,716
distilbert_adv,12-21 words,0.058823529411764705,0.026584867075664622,0.1288888888888889,714
distilbert_adv,21-252 words,0.02046783625730994,0.0072992700729927005,0.040293040293040296,684
distilbert,2-8 words,0.2979214780600462,0.4482758620689655,0.2811296534017972,866
distilbert,8-12 words,0.29748603351955305,0.05434782608695652,0.3815789473684211,716
distilbert,12-21 words,0.14425770308123248,0.0,0.4577777777777778,714
distilbert,21-252 words,0.20614035087719298,0.019464720194647202,0.48717948717948717,684
linear_svm,2-8 words,0.12817551963048499,0.4482758620689655,0.09242618741976893,866
linear_svm,8-12 words,0.1452513966480447,0.32065217391304346,0.08458646616541353,716
linear_svm,12-21 words,0.36554621848739494,0.4948875255623722,0.08444444444444445,714
linear_svm,21-252 words,0.15935672514619884,0.24087591240875914,0.03663003663003663,684
logreg,2-8 words,0.12702078521939955,0.2413793103448276,0.11424903722721438,866
logreg,8-12 words,0.13128491620111732,0.30978260869565216,0.06954887218045112,716
logreg,12-21 words,0.33613445378151263,0.4662576687116564,0.05333333333333334,714
logreg,21-252 words,0.15497076023391812,0.24574209245742093,0.018315018315018316,684
naive_bayes,2-8 words,0.15704387990762125,0.05747126436781609,0.1681643132220796,866
naive_bayes,8-12 words,0.12150837988826815,0.125,0.12030075187969924,716
naive_bayes,12-21 words,0.28711484593837533,0.3660531697341513,0.11555555555555555,714
naive_bayes,21-252 words,0.1564327485380117,0.25790754257907544,0.003663003663003663,684
protectai_deberta,2-8 words,0.3002309468822171,0.2988505747126437,0.30038510911424904,866
protectai_deberta,8-12 words,0.24860335195530725,0.22826086956521738,0.2556390977443609,716
protectai_deberta,12-21 words,0.19887955182072828,0.16768916155419222,0.26666666666666666,714
protectai_deberta,21-252 words,0.3260233918128655,0.3381995133819951,0.3076923076923077,684
roberta,2-8 words,0.3960739030023095,0.10344827586206896,0.4287548138639281,866
roberta,8-12 words,0.35195530726256985,0.0,0.47368421052631576,716
roberta,12-21 words,0.18067226890756302,0.0,0.5733333333333334,714
roberta,21-252 words,0.2982456140350877,0.0072992700729927005,0.7362637362637363,684
