model,attack_type,language,recall,n
distilbert_adv,context_switch,bn,1.0,25
distilbert_adv,context_switch,bn-en,1.0,25
distilbert_adv,context_switch,en,1.0,25
distilbert_adv,direct_override,bn,0.6,25
distilbert_adv,direct_override,bn-en,1.0,25
distilbert_adv,direct_override,en,1.0,25
distilbert_adv,encoding,bn,1.0,25
distilbert_adv,encoding,bn-en,1.0,25
distilbert_adv,encoding,en,1.0,25
distilbert_adv,indirect,bn,1.0,25
distilbert_adv,indirect,bn-en,1.0,25
distilbert_adv,indirect,en,1.0,25
distilbert_adv,payload_splitting,bn,1.0,25
distilbert_adv,payload_splitting,bn-en,1.0,25
distilbert_adv,payload_splitting,en,1.0,25
distilbert_adv,role_play,bn,1.0,25
distilbert_adv,role_play,bn-en,1.0,25
distilbert_adv,role_play,en,1.0,25
distilbert_adv,context_switch,all,1.0,75
distilbert_adv,direct_override,all,0.8666666666666667,75
distilbert_adv,encoding,all,1.0,75
distilbert_adv,indirect,all,1.0,75
distilbert_adv,payload_splitting,all,1.0,75
distilbert_adv,role_play,all,1.0,75
distilbert,context_switch,bn,1.0,25
distilbert,context_switch,bn-en,1.0,25
distilbert,context_switch,en,1.0,25
distilbert,direct_override,bn,1.0,25
distilbert,direct_override,bn-en,1.0,25
distilbert,direct_override,en,1.0,25
distilbert,encoding,bn,1.0,25
distilbert,encoding,bn-en,1.0,25
distilbert,encoding,en,1.0,25
distilbert,indirect,bn,1.0,25
distilbert,indirect,bn-en,1.0,25
distilbert,indirect,en,1.0,25
distilbert,payload_splitting,bn,1.0,25
distilbert,payload_splitting,bn-en,1.0,25
distilbert,payload_splitting,en,1.0,25
distilbert,role_play,bn,1.0,25
distilbert,role_play,bn-en,1.0,25
distilbert,role_play,en,1.0,25
distilbert,context_switch,all,1.0,75
distilbert,direct_override,all,1.0,75
distilbert,encoding,all,1.0,75
distilbert,indirect,all,1.0,75
distilbert,payload_splitting,all,1.0,75
distilbert,role_play,all,1.0,75
linear_svm,context_switch,bn,0.0,25
linear_svm,context_switch,bn-en,0.24,25
linear_svm,context_switch,en,0.84,25
linear_svm,direct_override,bn,0.0,25
linear_svm,direct_override,bn-en,0.43999999999999995,25
linear_svm,direct_override,en,0.84,25
linear_svm,encoding,bn,0.0,25
linear_svm,encoding,bn-en,0.24,25
linear_svm,encoding,en,0.4,25
linear_svm,indirect,bn,0.0,25
linear_svm,indirect,bn-en,0.31999999999999995,25
linear_svm,indirect,en,0.76,25
linear_svm,payload_splitting,bn,0.040000000000000036,25
linear_svm,payload_splitting,bn-en,0.19999999999999996,25
linear_svm,payload_splitting,en,0.6,25
linear_svm,role_play,bn,0.0,25
linear_svm,role_play,bn-en,0.24,25
linear_svm,role_play,en,0.96,25
linear_svm,context_switch,all,0.36,75
linear_svm,direct_override,all,0.42666666666666664,75
linear_svm,encoding,all,0.21333333333333337,75
linear_svm,indirect,all,0.36,75
linear_svm,payload_splitting,all,0.28,75
linear_svm,role_play,all,0.4,75
logreg,context_switch,bn,0.0,25
logreg,context_switch,bn-en,0.28,25
logreg,context_switch,en,0.84,25
logreg,direct_override,bn,0.0,25
logreg,direct_override,bn-en,0.52,25
logreg,direct_override,en,0.92,25
logreg,encoding,bn,0.0,25
logreg,encoding,bn-en,0.31999999999999995,25
logreg,encoding,en,0.48,25
logreg,indirect,bn,0.0,25
logreg,indirect,bn-en,0.43999999999999995,25
logreg,indirect,en,0.84,25
logreg,payload_splitting,bn,0.040000000000000036,25
logreg,payload_splitting,bn-en,0.28,25
logreg,payload_splitting,en,0.6799999999999999,25
logreg,role_play,bn,0.0,25
logreg,role_play,bn-en,0.28,25
logreg,role_play,en,0.96,25
logreg,context_switch,all,0.3733333333333333,75
logreg,direct_override,all,0.48,75
logreg,encoding,all,0.2666666666666667,75
logreg,indirect,all,0.42666666666666664,75
logreg,payload_splitting,all,0.33333333333333337,75
logreg,role_play,all,0.41333333333333333,75
naive_bayes,context_switch,bn,0.19999999999999996,25
naive_bayes,context_switch,bn-en,0.92,25
naive_bayes,context_switch,en,1.0,25
naive_bayes,direct_override,bn,0.0,25
naive_bayes,direct_override,bn-en,0.6799999999999999,25
naive_bayes,direct_override,en,0.92,25
naive_bayes,encoding,bn,0.0,25
naive_bayes,encoding,bn-en,0.92,25
naive_bayes,encoding,en,0.96,25
naive_bayes,indirect,bn,0.0,25
naive_bayes,indirect,bn-en,0.88,25
naive_bayes,indirect,en,1.0,25
naive_bayes,payload_splitting,bn,0.0,25
naive_bayes,payload_splitting,bn-en,0.76,25
naive_bayes,payload_splitting,en,0.96,25
naive_bayes,role_play,bn,0.0,25
naive_bayes,role_play,bn-en,0.6799999999999999,25
naive_bayes,role_play,en,0.88,25
naive_bayes,context_switch,all,0.7066666666666667,75
naive_bayes,direct_override,all,0.5333333333333333,75
naive_bayes,encoding,all,0.6266666666666667,75
naive_bayes,indirect,all,0.6266666666666667,75
naive_bayes,payload_splitting,all,0.5733333333333333,75
naive_bayes,role_play,all,0.52,75
protectai_deberta,context_switch,bn,1.0,25
protectai_deberta,context_switch,bn-en,0.96,25
protectai_deberta,context_switch,en,1.0,25
protectai_deberta,direct_override,bn,1.0,25
protectai_deberta,direct_override,bn-en,1.0,25
protectai_deberta,direct_override,en,1.0,25
protectai_deberta,encoding,bn,1.0,25
protectai_deberta,encoding,bn-en,1.0,25
protectai_deberta,encoding,en,1.0,25
protectai_deberta,indirect,bn,1.0,25
protectai_deberta,indirect,bn-en,0.96,25
protectai_deberta,indirect,en,0.8,25
protectai_deberta,payload_splitting,bn,1.0,25
protectai_deberta,payload_splitting,bn-en,1.0,25
protectai_deberta,payload_splitting,en,1.0,25
protectai_deberta,role_play,bn,1.0,25
protectai_deberta,role_play,bn-en,0.92,25
protectai_deberta,role_play,en,0.92,25
protectai_deberta,context_switch,all,0.9866666666666667,75
protectai_deberta,direct_override,all,1.0,75
protectai_deberta,encoding,all,1.0,75
protectai_deberta,indirect,all,0.92,75
protectai_deberta,payload_splitting,all,1.0,75
protectai_deberta,role_play,all,0.9466666666666667,75
roberta,context_switch,bn,1.0,25
roberta,context_switch,bn-en,1.0,25
roberta,context_switch,en,1.0,25
roberta,direct_override,bn,1.0,25
roberta,direct_override,bn-en,1.0,25
roberta,direct_override,en,1.0,25
roberta,encoding,bn,1.0,25
roberta,encoding,bn-en,1.0,25
roberta,encoding,en,1.0,25
roberta,indirect,bn,1.0,25
roberta,indirect,bn-en,1.0,25
roberta,indirect,en,1.0,25
roberta,payload_splitting,bn,1.0,25
roberta,payload_splitting,bn-en,1.0,25
roberta,payload_splitting,en,1.0,25
roberta,role_play,bn,1.0,25
roberta,role_play,bn-en,1.0,25
roberta,role_play,en,1.0,25
roberta,context_switch,all,1.0,75
roberta,direct_override,all,1.0,75
roberta,encoding,all,1.0,75
roberta,indirect,all,1.0,75
roberta,payload_splitting,all,1.0,75
roberta,role_play,all,1.0,75
