token,mean,count,model,direction,mean_prior
ign,0.6750177896271149,3,roberta,towards_injection,0.980734514929727
abe,0.46433747723879454,3,roberta,towards_injection,0.980734514929727
you,0.3124627488187036,10,roberta,towards_injection,0.980734514929727
orer,0.3029328373571237,3,roberta,towards_injection,0.980734514929727
above,0.23148492558134925,3,roberta,towards_injection,0.980734514929727
y,0.20716547055376902,3,roberta,towards_injection,0.980734514929727
not,0.1795905432916511,6,roberta,towards_injection,0.980734514929727
who,0.1675909719094383,3,roberta,towards_injection,0.980734514929727
now,0.1636941694355814,3,roberta,towards_injection,0.980734514929727
document,0.14129876097043356,3,roberta,towards_injection,0.980734514929727
"""""""",0.11283578164875507,6,roberta,towards_injection,0.980734514929727
-,0.0978046384053758,7,roberta,towards_injection,0.980734514929727
ore,0.0935918775283628,3,roberta,towards_injection,0.980734514929727
system,0.08155785094030084,6,roberta,towards_injection,0.980734514929727
before,0.07824618997500347,3,roberta,towards_injection,0.980734514929727
message,0.0730028713742892,4,roberta,towards_injection,0.980734514929727
so,0.0697579441785412,3,roberta,towards_injection,0.980734514929727
=',0.06734895676706988,9,roberta,towards_injection,0.980734514929727
"""",0.06302722907137304,4,roberta,towards_injection,0.980734514929727
(,0.0614247904410438,3,roberta,towards_injection,0.980734514929727
what,-2.402887642386526,9,roberta,towards_safe,0.980734514929727
?,-1.566025875109695,41,roberta,towards_safe,0.980734514929727
how,-0.8478811973686928,9,roberta,towards_safe,0.980734514929727
know,-0.5624977608595694,3,roberta,towards_safe,0.980734514929727
can,-0.5329551261873262,4,roberta,towards_safe,0.980734514929727
utsch,-0.5102592697440418,3,roberta,towards_safe,0.980734514929727
does,-0.4178853378810532,3,roberta,towards_safe,0.980734514929727
tion,-0.414660333591448,3,roberta,towards_safe,0.980734514929727
would,-0.40440572376184913,5,roberta,towards_safe,0.980734514929727
ür,-0.30562212298074776,4,roberta,towards_safe,0.980734514929727
che,-0.2929517890839931,5,roberta,towards_safe,0.980734514929727
den,-0.2702236572450349,5,roberta,towards_safe,0.980734514929727
which,-0.24376647615701788,3,roberta,towards_safe,0.980734514929727
um,-0.23861063544603742,3,roberta,towards_safe,0.980734514929727
land,-0.23366192302158298,3,roberta,towards_safe,0.980734514929727
i,-0.21902049647624078,25,roberta,towards_safe,0.980734514929727
st,-0.2099728991976008,7,roberta,towards_safe,0.980734514929727
my,-0.20303997166691892,4,roberta,towards_safe,0.980734514929727
wel,-0.18358386245814756,4,roberta,towards_safe,0.980734514929727
ä,-0.17502152574440788,3,roberta,towards_safe,0.980734514929727
all,0.255179295485887,4,distilbert,towards_injection,0.5843535183671796
you,0.18313095623743023,10,distilbert,towards_injection,0.5843535183671796
your,0.18125366442109225,4,distilbert,towards_injection,0.5843535183671796
document,0.16230483760850298,3,distilbert,towards_injection,0.5843535183671796
above,0.15587871088840377,3,distilbert,towards_injection,0.5843535183671796
y,0.15226705835407808,3,distilbert,towards_injection,0.5843535183671796
message,0.14456548551485565,4,distilbert,towards_injection,0.5843535183671796
system,0.09854751168380654,6,distilbert,towards_injection,0.5843535183671796
o,0.0968603768463557,4,distilbert,towards_injection,0.5843535183671796
now,0.09137157436558291,3,distilbert,towards_injection,0.5843535183671796
it,0.08773129094359847,5,distilbert,towards_injection,0.5843535183671796
ar,0.08194227314864595,3,distilbert,towards_injection,0.5843535183671796
ere,0.07553074654925655,4,distilbert,towards_injection,0.5843535183671796
.,0.07277213871992193,58,distilbert,towards_injection,0.5843535183671796
tom,0.07013311148428575,4,distilbert,towards_injection,0.5843535183671796
#,0.06897818042881905,18,distilbert,towards_injection,0.5843535183671796
de,0.06607819638543443,3,distilbert,towards_injection,0.5843535183671796
who,0.06534373442706477,3,distilbert,towards_injection,0.5843535183671796
end,0.06269572193795328,4,distilbert,towards_injection,0.5843535183671796
u,0.06150976576221486,3,distilbert,towards_injection,0.5843535183671796
bangladesh,-0.425483581948356,4,distilbert,towards_safe,0.5843535183671796
what,-0.41388762299076765,9,distilbert,towards_safe,0.5843535183671796
?,-0.3370801027543322,43,distilbert,towards_safe,0.5843535183671796
how,-0.15598336148640535,9,distilbert,towards_safe,0.5843535183671796
die,-0.14427441503082725,6,distilbert,towards_safe,0.5843535183671796
rden,-0.13260885171799197,3,distilbert,towards_safe,0.5843535183671796
world,-0.11333885337300008,3,distilbert,towards_safe,0.5843535183671796
welch,-0.11275525844083598,5,distilbert,towards_safe,0.5843535183671796
bank,-0.10886513224492471,3,distilbert,towards_safe,0.5843535183671796
my,-0.10483906570758478,4,distilbert,towards_safe,0.5843535183671796
pl,-0.09957734875124476,3,distilbert,towards_safe,0.5843535183671796
in,-0.09137832123087974,14,distilbert,towards_safe,0.5843535183671796
on,-0.09111707799733665,6,distilbert,towards_safe,0.5843535183671796
auf,-0.08638015943917676,4,distilbert,towards_safe,0.5843535183671796
wi,-0.07526267710634464,13,distilbert,towards_safe,0.5843535183671796
k,-0.07031002802735505,3,distilbert,towards_safe,0.5843535183671796
ist,-0.0687149081073796,4,distilbert,towards_safe,0.5843535183671796
und,-0.06704805876037627,14,distilbert,towards_safe,0.5843535183671796
ze,-0.06171164942258556,3,distilbert,towards_safe,0.5843535183671796
know,-0.05859238402850226,3,distilbert,towards_safe,0.5843535183671796
all,0.7928553608809772,4,distilbert_adv,towards_injection,0.5350576895047191
your,0.6395572699257173,4,distilbert_adv,towards_injection,0.5350576895047191
ere,0.3644170913179076,4,distilbert_adv,towards_injection,0.5350576895047191
you,0.35642093545877185,10,distilbert_adv,towards_injection,0.5350576895047191
above,0.319334120145585,3,distilbert_adv,towards_injection,0.5350576895047191
message,0.2925911542255313,4,distilbert_adv,towards_injection,0.5350576895047191
before,0.2795762986480701,3,distilbert_adv,towards_injection,0.5350576895047191
document,0.24292012334076896,3,distilbert_adv,towards_injection,0.5350576895047191
de,0.2353423093774599,3,distilbert_adv,towards_injection,0.5350576895047191
।,0.23322321532118664,13,distilbert_adv,towards_injection,0.5350576895047191
it,0.20769902556151937,5,distilbert_adv,towards_injection,0.5350576895047191
:,0.17801028036836233,17,distilbert_adv,towards_injection,0.5350576895047191
system,0.17164888373987564,6,distilbert_adv,towards_injection,0.5350576895047191
y,0.15960157883819193,3,distilbert_adv,towards_injection,0.5350576895047191
=,0.15256971194976618,11,distilbert_adv,towards_injection,0.5350576895047191
-,0.13280541546954666,7,distilbert_adv,towards_injection,0.5350576895047191
ar,0.12630800429421166,3,distilbert_adv,towards_injection,0.5350576895047191
),0.11773118974643239,3,distilbert_adv,towards_injection,0.5350576895047191
u,0.11706091230735183,3,distilbert_adv,towards_injection,0.5350576895047191
character,0.11042006904149125,3,distilbert_adv,towards_injection,0.5350576895047191
?,-0.5582565829189668,43,distilbert_adv,towards_safe,0.5350576895047191
what,-0.4006194989356545,9,distilbert_adv,towards_safe,0.5350576895047191
bangladesh,-0.37889606076835963,4,distilbert_adv,towards_safe,0.5350576895047191
rden,-0.2202582490549142,3,distilbert_adv,towards_safe,0.5350576895047191
how,-0.21785631826928975,9,distilbert_adv,towards_safe,0.5350576895047191
my,-0.21413454406509974,4,distilbert_adv,towards_safe,0.5350576895047191
pl,-0.18283522654674855,3,distilbert_adv,towards_safe,0.5350576895047191
bank,-0.17334599513560534,3,distilbert_adv,towards_safe,0.5350576895047191
world,-0.1690804802864376,3,distilbert_adv,towards_safe,0.5350576895047191
g,-0.1644773929747605,4,distilbert_adv,towards_safe,0.5350576895047191
welch,-0.14188534871407638,5,distilbert_adv,towards_safe,0.5350576895047191
linux,-0.1266302490867854,3,distilbert_adv,towards_safe,0.5350576895047191
know,-0.1249244566906426,3,distilbert_adv,towards_safe,0.5350576895047191
auf,-0.12260275677263366,4,distilbert_adv,towards_safe,0.5350576895047191
on,-0.1147316305995915,6,distilbert_adv,towards_safe,0.5350576895047191
in,-0.11137908670041259,14,distilbert_adv,towards_safe,0.5350576895047191
which,-0.10740343862146672,3,distilbert_adv,towards_safe,0.5350576895047191
are,-0.10242393064586547,11,distilbert_adv,towards_safe,0.5350576895047191
r,-0.10049075355072208,7,distilbert_adv,towards_safe,0.5350576895047191
k,-0.10037231077957483,3,distilbert_adv,towards_safe,0.5350576895047191
above,3.294070155306771,3,protectai_deberta,towards_injection,0.04682651026110354
all,1.561292088967846,4,protectai_deberta,towards_injection,0.04682651026110354
y,1.0485666249257823,4,protectai_deberta,towards_injection,0.04682651026110354
system,1.0008644249367837,6,protectai_deberta,towards_injection,0.04682651026110354
por,0.9846425333784685,3,protectai_deberta,towards_injection,0.04682651026110354
un,0.8503168641909724,4,protectai_deberta,towards_injection,0.04682651026110354
your,0.828359061590163,4,protectai_deberta,towards_injection,0.04682651026110354
fehl,0.686647127304309,4,protectai_deberta,towards_injection,0.04682651026110354
#,0.6509503122873693,18,protectai_deberta,towards_injection,0.04682651026110354
=,0.6438024768406793,11,protectai_deberta,towards_injection,0.04682651026110354
mar,0.6145550846303545,4,protectai_deberta,towards_injection,0.04682651026110354
"""",0.5471220417324846,24,protectai_deberta,towards_injection,0.04682651026110354
ei,0.5254680790502274,3,protectai_deberta,towards_injection,0.04682651026110354
:,0.5209819437219672,17,protectai_deberta,towards_injection,0.04682651026110354
you,0.5052644514223606,10,protectai_deberta,towards_injection,0.04682651026110354
ke,0.49552275348339475,5,protectai_deberta,towards_injection,0.04682651026110354
h,0.47431033477187157,3,protectai_deberta,towards_injection,0.04682651026110354
re,0.474182659538374,5,protectai_deberta,towards_injection,0.04682651026110354
',0.4239140103346935,29,protectai_deberta,towards_injection,0.04682651026110354
ী,0.371828064860337,11,protectai_deberta,towards_injection,0.04682651026110354
linux,-0.9413643851494368,3,protectai_deberta,towards_safe,0.04682651026110354
bangladesh,-0.8150452248752117,4,protectai_deberta,towards_safe,0.04682651026110354
möchte,-0.5586818823750714,4,protectai_deberta,towards_safe,0.04682651026110354
neuen,-0.4163604799065879,3,protectai_deberta,towards_safe,0.04682651026110354
who,-0.32511177210071396,3,protectai_deberta,towards_safe,0.04682651026110354
which,-0.31955759339293255,3,protectai_deberta,towards_safe,0.04682651026110354
on,-0.2825796172298112,6,protectai_deberta,towards_safe,0.04682651026110354
does,-0.26076731777211265,3,protectai_deberta,towards_safe,0.04682651026110354
this,-0.2541488525505618,3,protectai_deberta,towards_safe,0.04682651026110354
world,-0.25179354207856314,3,protectai_deberta,towards_safe,0.04682651026110354
ich,-0.2487344042025476,14,protectai_deberta,towards_safe,0.04682651026110354
what,-0.24238642064959887,9,protectai_deberta,towards_safe,0.04682651026110354
like,-0.23192527274923097,7,protectai_deberta,towards_safe,0.04682651026110354
den,-0.2311469062469692,4,protectai_deberta,towards_safe,0.04682651026110354
how,-0.23029259514634098,9,protectai_deberta,towards_safe,0.04682651026110354
my,-0.18409150689381215,4,protectai_deberta,towards_safe,0.04682651026110354
nach,-0.17830304869063796,6,protectai_deberta,towards_safe,0.04682651026110354
alice,-0.17611725031562306,8,protectai_deberta,towards_safe,0.04682651026110354
about,-0.15897819549859812,6,protectai_deberta,towards_safe,0.04682651026110354
und,-0.14815018702230764,14,protectai_deberta,towards_safe,0.04682651026110354
