example,set,model,word,weight
0,defeats all models,roberta,and,-0.24210054943681866
0,defeats all models,roberta,trip,-0.22711467315902514
0,defeats all models,roberta,My,-0.22503984977847316
0,defeats all models,roberta,know,-0.1779611793502756
0,defeats all models,roberta,can,-0.16563157502505263
0,defeats all models,roberta,age,-0.14528993784323382
0,defeats all models,roberta,I,-0.12788559417207565
0,defeats all models,roberta,planning,-0.12004796057417315
0,defeats all models,distilbert_adv,My,-0.28523969529260396
0,defeats all models,distilbert_adv,I,-0.2282792616409649
0,defeats all models,distilbert_adv,to,-0.12004753593570926
0,defeats all models,distilbert_adv,places,-0.11389150602093712
0,defeats all models,distilbert_adv,you,0.07674127271389986
0,defeats all models,distilbert_adv,can,-0.07226931405137665
0,defeats all models,distilbert_adv,are,-0.06724684118758577
0,defeats all models,distilbert_adv,What,0.06255910609290875
1,defeats all models,roberta,install,0.003050769585056165
1,defeats all models,roberta,Python,0.002848191619409908
1,defeats all models,roberta,clear,0.0019605770695920277
1,defeats all models,roberta,korar,0.001869159616669625
1,defeats all models,roberta,e,0.0017303165676788984
1,defeats all models,roberta,instruction,0.0014440911194565091
1,defeats all models,roberta,Mac,-0.001362781100388954
1,defeats all models,roberta,dite,0.0010305407645096413
1,defeats all models,distilbert_adv,install,0.5077011305389668
1,defeats all models,distilbert_adv,parba,0.27970493277740854
1,defeats all models,distilbert_adv,instruction,0.27390654899796824
1,defeats all models,distilbert_adv,Python,0.1793244810553983
1,defeats all models,distilbert_adv,clear,0.15388977779000346
1,defeats all models,distilbert_adv,dite,0.12736686808495573
1,defeats all models,distilbert_adv,Mac,-0.03274765985591781
1,defeats all models,distilbert_adv,korar,0.03059096490776076
2,defeats all models,roberta,tell,0.0005196395861460914
2,defeats all models,roberta,forget,0.0004757701827223258
2,defeats all models,roberta,me,-0.0004216780147312256
2,defeats all models,roberta,previous,0.00040802462718131626
2,defeats all models,roberta,Please,0.000374407217275645
2,defeats all models,roberta,some,-0.00026352178062899977
2,defeats all models,roberta,Now,0.00025570954852999737
2,defeats all models,roberta,books,-0.00024827984484158754
2,defeats all models,distilbert_adv,Please,0.04351191662067935
2,defeats all models,distilbert_adv,forget,0.043072341332505815
2,defeats all models,distilbert_adv,Now,0.03548013012003713
2,defeats all models,distilbert_adv,tell,0.034053708159594444
2,defeats all models,distilbert_adv,for,0.017160434569698606
2,defeats all models,distilbert_adv,some,0.01700110626076579
2,defeats all models,distilbert_adv,learning,-0.014990291165617207
2,defeats all models,distilbert_adv,the,-0.008580136539598717
9,PromptBench task prompt,roberta,followWng,0.00038466367151885055
9,PromptBench task prompt,roberta,indimcate,0.00020947536149943454
9,PromptBench task prompt,roberta,between,-0.00020902576331723358
9,PromptBench task prompt,roberta,an,-0.00013779281420800925
9,PromptBench task prompt,roberta,is,9.772232190417437e-05
9,PromptBench task prompt,roberta,contradiction,7.18690836054068e-05
9,PromptBench task prompt,roberta,sentences,6.203279539661494e-05
9,PromptBench task prompt,roberta,link,4.655025242442841e-05
9,PromptBench task prompt,distilbert_adv,indimcate,0.002371701666374972
9,PromptBench task prompt,distilbert_adv,if,0.0013586325172678384
9,PromptBench task prompt,distilbert_adv,or,-0.001228806757239322
9,PromptBench task prompt,distilbert_adv,between,-0.0010001559004412888
9,PromptBench task prompt,distilbert_adv,neutral,-0.0007619112960529509
9,PromptBench task prompt,distilbert_adv,is,-0.0006756799478729632
9,PromptBench task prompt,distilbert_adv,link,0.000312179157110119
9,PromptBench task prompt,distilbert_adv,an,0.00019842721337866778
