model,condition,n,n_injection,threshold,accuracy,precision,recall,specificity,f1_injection,macro_f1,mcc,roc_auc,pr_auc,tp,fp,tn,fn,note
logreg,E1_clean,100,34,0.706785828873803,0.92,0.8823529411764706,0.8823529411764706,0.9393939393939394,0.8823529411764706,0.910873440285205,0.82174688057041,0.9728163992869876,0.9385845883657138,30,4,62,4,
logreg,E2_paraphrase,80,41,0.706785828873803,0.85,0.9142857142857143,0.7804878048780488,0.9230769230769231,0.8421052631578947,0.849624060150376,0.7089049543158458,0.9499687304565354,0.9581035788526842,32,3,36,9,
logreg,E3_obfuscated,1900,646,0.706785828873803,0.8763157894736842,0.8166409861325116,0.8204334365325078,0.905103668261563,0.8185328185328186,0.8623602216416588,0.7247256820534739,0.9543979389791676,0.9143527931492472,530,119,1135,116,
logreg,E4_codemix,900,450,0.706785828873803,0.6722222222222223,0.91005291005291,0.38222222222222224,0.9622222222222222,0.5383411580594679,0.6421249287282698,0.4228301972318702,0.7246765432098765,0.7667289768699124,172,17,433,278,
logreg,E5_crossdataset,1000,1000,0.706785828873803,0.958,1.0,0.958,,0.9785495403472931,,,,,958,0,0,42,all-injection set: accuracy = recall
logreg,FP_promptbench,4150,0,0.706785828873803,0.21373493975903615,0.0,,0.21373493975903615,,,,,,0,3263,887,0,all-safe set: accuracy = specificity
logreg,E5x_pooled,5150,1000,0.706785828873803,0.35825242718446604,0.2269604359156598,0.958,0.21373493975903615,0.3669795058417928,0.35813043021957724,0.1766717770345744,0.8103628915662651,0.6365001359900062,958,3263,887,42,
naive_bayes,E1_clean,100,34,0.8512624828162219,0.88,0.8235294117647058,0.8235294117647058,0.9090909090909091,0.8235294117647058,0.8663101604278074,0.732620320855615,0.9340463458110517,0.9184274691751722,28,6,60,6,
naive_bayes,E2_paraphrase,80,41,0.8512624828162219,0.8875,1.0,0.7804878048780488,1.0,0.8767123287671232,0.8866320264525271,0.7963330593811955,0.9043151969981239,0.9350446208959055,32,0,39,9,
naive_bayes,E3_obfuscated,1900,646,0.8512624828162219,0.861578947368421,0.7837037037037037,0.8188854489164087,0.8835725677830941,0.8009084027252081,0.8474086184662749,0.6952891778605576,0.9031785592605212,0.8294506518036846,529,146,1108,117,
naive_bayes,E4_codemix,900,450,0.8512624828162219,0.7211111111111111,0.7935103244837758,0.5977777777777777,0.8444444444444444,0.6818757921419518,0.7168033757940224,0.45632240913373556,0.7864938271604938,0.800418493763682,269,70,380,181,
naive_bayes,E5_crossdataset,1000,1000,0.8512624828162219,0.992,1.0,0.992,,0.9959839357429718,,,,,992,0,0,8,all-injection set: accuracy = recall
naive_bayes,FP_promptbench,4150,0,0.8512624828162219,0.03614457831325301,0.0,,0.03614457831325301,,,,,,0,4000,150,0,all-safe set: accuracy = specificity
naive_bayes,E5x_pooled,5150,1000,0.8512624828162219,0.22174757281553398,0.1987179487179487,0.992,0.03614457831325301,0.3311081441922563,0.20037301360030643,0.06455843035599425,0.8664643373493975,0.7466446184393652,992,4000,150,8,
linear_svm,E1_clean,100,34,0.28298225076500527,0.9,0.8529411764705882,0.8529411764705882,0.9242424242424242,0.8529411764705882,0.8885918003565062,0.7771836007130125,0.9714795008912656,0.9391171908321148,29,5,61,5,
linear_svm,E2_paraphrase,80,41,0.28298225076500527,0.85,0.9142857142857143,0.7804878048780488,0.9230769230769231,0.8421052631578947,0.849624060150376,0.7089049543158458,0.9499687304565353,0.9568987817351284,32,3,36,9,
linear_svm,E3_obfuscated,1900,646,0.28298225076500527,0.87,0.8131868131868132,0.8018575851393189,0.905103668261563,0.8074824629773967,0.8546748826607286,0.7093968370333753,0.9517611753842811,0.9106606294345678,518,119,1135,128,
linear_svm,E4_codemix,900,450,0.28298225076500527,0.6488888888888888,0.8895348837209303,0.34,0.9577777777777777,0.4919614147909968,0.6118550707231725,0.37868219452030755,0.7137432098765432,0.7566787956435331,153,19,431,297,
linear_svm,E5_crossdataset,1000,1000,0.28298225076500527,0.934,1.0,0.934,,0.9658738366080661,,,,,934,0,0,66,all-injection set: accuracy = recall
linear_svm,FP_promptbench,4150,0,0.28298225076500527,0.3016867469879518,0.0,,0.3016867469879518,,,,,,0,2898,1252,0,all-safe set: accuracy = specificity
linear_svm,E5x_pooled,5150,1000,0.28298225076500527,0.42446601941747575,0.24373695198329853,0.934,0.3016867469879518,0.38658940397350994,0.42226324624425315,0.21364304302632192,0.791122891566265,0.5892422972504414,934,2898,1252,66,
