model,condition,n,n_injection,threshold,accuracy,precision,recall,specificity,f1_injection,macro_f1,mcc,roc_auc,pr_auc,tp,fp,tn,fn,note,macro_f1_std,accuracy_std,seeds
logreg,E1_clean,100.0,34.0,0.706785828873803,0.92,0.8823529411764706,0.8823529411764706,0.9393939393939394,0.8823529411764706,0.910873440285205,0.82174688057041,0.9728163992869876,0.9385845883657138,30.0,4.0,62.0,4.0,,,,
logreg,E2_paraphrase,80.0,41.0,0.706785828873803,0.85,0.9142857142857144,0.7804878048780488,0.9230769230769232,0.8421052631578947,0.849624060150376,0.7089049543158458,0.9499687304565354,0.9581035788526842,32.0,3.0,36.0,9.0,,,,
logreg,E3_obfuscated,1900.0,646.0,0.706785828873803,0.8763157894736842,0.8166409861325116,0.8204334365325078,0.905103668261563,0.8185328185328186,0.8623602216416588,0.7247256820534739,0.9543979389791676,0.9143527931492472,530.0,119.0,1135.0,116.0,,,,
logreg,E4_codemix,900.0,450.0,0.706785828873803,0.6722222222222223,0.91005291005291,0.3822222222222222,0.9622222222222222,0.5383411580594679,0.6421249287282698,0.4228301972318702,0.7246765432098765,0.7667289768699124,172.0,17.0,433.0,278.0,,,,
logreg,E5_crossdataset,1000.0,1000.0,0.706785828873803,0.958,1.0,0.958,,0.9785495403472932,,,,,958.0,0.0,0.0,42.0,all-injection set: accuracy = recall,,,
logreg,FP_promptbench,4150.0,0.0,0.706785828873803,0.2137349397590361,0.0,,0.2137349397590361,,,,,,0.0,3263.0,887.0,0.0,all-safe set: accuracy = specificity,,,
logreg,E5x_pooled,5150.0,1000.0,0.706785828873803,0.358252427184466,0.2269604359156598,0.958,0.2137349397590361,0.3669795058417928,0.3581304302195772,0.1766717770345744,0.8103628915662651,0.6365001359900062,958.0,3263.0,887.0,42.0,,,,
naive_bayes,E1_clean,100.0,34.0,0.8512624828162219,0.88,0.8235294117647058,0.8235294117647058,0.9090909090909092,0.8235294117647058,0.8663101604278074,0.732620320855615,0.9340463458110516,0.9184274691751722,28.0,6.0,60.0,6.0,,,,
naive_bayes,E2_paraphrase,80.0,41.0,0.8512624828162219,0.8875,1.0,0.7804878048780488,1.0,0.8767123287671232,0.8866320264525271,0.7963330593811955,0.904315196998124,0.9350446208959056,32.0,0.0,39.0,9.0,,,,
naive_bayes,E3_obfuscated,1900.0,646.0,0.8512624828162219,0.861578947368421,0.7837037037037037,0.8188854489164087,0.8835725677830941,0.8009084027252081,0.8474086184662749,0.6952891778605576,0.9031785592605212,0.8294506518036846,529.0,146.0,1108.0,117.0,,,,
naive_bayes,E4_codemix,900.0,450.0,0.8512624828162219,0.7211111111111111,0.7935103244837758,0.5977777777777777,0.8444444444444444,0.6818757921419518,0.7168033757940224,0.4563224091337355,0.7864938271604938,0.800418493763682,269.0,70.0,380.0,181.0,,,,
naive_bayes,E5_crossdataset,1000.0,1000.0,0.8512624828162219,0.992,1.0,0.992,,0.9959839357429718,,,,,992.0,0.0,0.0,8.0,all-injection set: accuracy = recall,,,
naive_bayes,FP_promptbench,4150.0,0.0,0.8512624828162219,0.036144578313253,0.0,,0.036144578313253,,,,,,0.0,4000.0,150.0,0.0,all-safe set: accuracy = specificity,,,
naive_bayes,E5x_pooled,5150.0,1000.0,0.8512624828162219,0.2217475728155339,0.1987179487179487,0.992,0.036144578313253,0.3311081441922563,0.2003730136003064,0.0645584303559942,0.8664643373493975,0.7466446184393652,992.0,4000.0,150.0,8.0,,,,
linear_svm,E1_clean,100.0,34.0,0.2829822507650052,0.9,0.8529411764705882,0.8529411764705882,0.9242424242424242,0.8529411764705882,0.8885918003565062,0.7771836007130125,0.9714795008912656,0.9391171908321148,29.0,5.0,61.0,5.0,,,,
linear_svm,E2_paraphrase,80.0,41.0,0.2829822507650052,0.85,0.9142857142857144,0.7804878048780488,0.9230769230769232,0.8421052631578947,0.849624060150376,0.7089049543158458,0.9499687304565352,0.9568987817351284,32.0,3.0,36.0,9.0,,,,
linear_svm,E3_obfuscated,1900.0,646.0,0.2829822507650052,0.87,0.8131868131868132,0.8018575851393189,0.905103668261563,0.8074824629773967,0.8546748826607286,0.7093968370333753,0.9517611753842812,0.9106606294345678,518.0,119.0,1135.0,128.0,,,,
linear_svm,E4_codemix,900.0,450.0,0.2829822507650052,0.6488888888888888,0.8895348837209303,0.34,0.9577777777777776,0.4919614147909968,0.6118550707231725,0.3786821945203075,0.7137432098765432,0.7566787956435331,153.0,19.0,431.0,297.0,,,,
linear_svm,E5_crossdataset,1000.0,1000.0,0.2829822507650052,0.934,1.0,0.934,,0.965873836608066,,,,,934.0,0.0,0.0,66.0,all-injection set: accuracy = recall,,,
linear_svm,FP_promptbench,4150.0,0.0,0.2829822507650052,0.3016867469879518,0.0,,0.3016867469879518,,,,,,0.0,2898.0,1252.0,0.0,all-safe set: accuracy = specificity,,,
linear_svm,E5x_pooled,5150.0,1000.0,0.2829822507650052,0.4244660194174757,0.2437369519832985,0.934,0.3016867469879518,0.3865894039735099,0.4222632462442531,0.2136430430263219,0.791122891566265,0.5892422972504414,934.0,2898.0,1252.0,66.0,,,,
distilbert,E1_clean,100.0,34.0,0.5446295690536499,0.9499999999999998,0.9677195340501792,0.8823529411764706,0.9848484848484848,0.9229069541569542,0.9429525720177242,0.8882612803389497,0.9873737373737372,0.9828343234097924,30.0,1.0,65.0,4.0,,0.0118528536468705,0.01,3.0
distilbert,E2_paraphrase,80.0,41.0,0.5446295690536499,0.9291666666666668,0.9833333333333334,0.8780487804878049,0.982905982905983,0.9267922893653888,0.9290380976664196,0.8651831960712469,0.9695643110277256,0.979324360416849,36.0,0.6666666666666666,38.333333333333336,5.0,,0.0073197637842332,0.0072168783648702,3.0
distilbert,E3_obfuscated,1900.0,646.0,0.5446295690536499,0.7829824561403509,0.6191097629163905,0.9411764705882352,0.7014885699096225,0.7468291539308572,0.778446070724525,0.6093541224183016,0.922611317674052,0.8618047259353693,608.0,374.3333333333333,879.6666666666666,38.0,,0.0124260521682317,0.0126790045369506,3.0
distilbert,E4_codemix,900.0,450.0,0.5446295690536499,0.6433333333333333,0.5838410228877066,1.0,0.2866666666666667,0.7371927033224872,0.5909722044718789,0.4087273673474516,0.9200493827160492,0.9188726012224968,450.0,321.0,129.0,0.0,,0.0270857277385384,0.0184925744189924,3.0
distilbert,E5_crossdataset,1000.0,1000.0,0.5446295690536499,0.9273333333333332,1.0,0.9273333333333332,,0.962278087085879,,,,,927.3333333333334,0.0,0.0,72.66666666666667,all-injection set: accuracy = recall,,0.0100166528008777,3.0
distilbert,FP_promptbench,4150.0,0.0,0.5446295690536499,0.002008032128514,0.0,,0.002008032128514,,,,,,0.0,4141.666666666667,8.333333333333334,0.0,all-safe set: accuracy = specificity,,0.0007745904225697,3.0
distilbert,E5x_pooled,5150.0,1000.0,0.5446295690536499,0.1816828478964401,0.1829394825233023,0.9273333333333332,0.002008032128514,0.3055929562837503,0.1547645550471715,-0.224527152494906,0.3955838152610442,0.1774759476388766,927.3333333333334,4141.666666666667,8.333333333333334,72.66666666666667,,0.000655576852035,0.0013638386735084,3.0
roberta,E1_clean,100.0,34.0,0.3428832278680048,0.98,0.970571258806553,0.9705882352941176,0.9848484848484848,0.970439787422648,0.9776629780587875,0.9554874090839846,0.9952465834818776,0.9905299464733996,33.0,1.0,65.0,1.0,,0.0113016440149226,0.01,3.0
roberta,E2_paraphrase,80.0,41.0,0.3428832278680048,0.9583333333333334,1.0,0.91869918699187,1.0,0.9575895272097804,0.9583190032917316,0.92003497275553,0.983739837398374,0.9872796242160208,37.666666666666664,0.0,39.0,3.3333333333333335,,0.007231548403811,0.0072168783648703,3.0
roberta,E3_obfuscated,1900.0,646.0,0.3428832278680048,0.6935087719298245,0.531235792863101,0.9907120743034056,0.5404040404040403,0.690035288535539,0.6924020486712323,0.5265427281625223,0.9242107402853696,0.8484205160938588,640.0,576.3333333333334,677.6666666666666,6.0,,0.0731718383319436,0.074016793283038,3.0
roberta,E4_codemix,900.0,450.0,0.3428832278680048,0.6437037037037037,0.5839273366040382,1.0,0.2874074074074074,0.7373107210999814,0.5918599679880869,0.4096276561690274,0.8324090534979423,0.8057742862734415,450.0,320.6666666666667,129.33333333333334,0.0,,0.0084109192318666,0.0057017793771632,3.0
roberta,E5_crossdataset,1000.0,1000.0,0.3428832278680048,0.9133333333333334,1.0,0.9133333333333334,,0.9546766671479532,,,,,913.3333333333334,0.0,0.0,86.66666666666667,all-injection set: accuracy = recall,,0.0119303534454489,3.0
roberta,FP_promptbench,4150.0,0.0,0.3428832278680048,0.0044176706827309,0.0,,0.0044176706827309,,,,,,0.0,4131.666666666667,18.333333333333332,0.0,all-safe set: accuracy = specificity,,0.0018245488661205,3.0
roberta,E5x_pooled,5150.0,1000.0,0.3428832278680048,0.1809061488673139,0.1810331431705841,0.9133333333333334,0.0044176706827309,0.3021718754551428,0.1553894741031773,-0.2304008092902101,0.3781374297188755,0.1922614931954286,913.3333333333334,4131.666666666667,18.333333333333332,86.66666666666667,,0.0007468741537701,0.0011041244083645,3.0
protectai_deberta,E1_clean,100.0,34.0,0.5,0.79,1.0,0.3823529411764705,1.0,0.5531914893617021,0.707968293700459,0.5385729773456682,0.8836898395721924,0.8592495154959705,13.0,0.0,66.0,21.0,,,,1.0
protectai_deberta,E2_paraphrase,80.0,41.0,0.5,0.625,1.0,0.2682926829268293,1.0,0.4230769230769231,0.5726495726495726,0.3894145482001757,0.8586616635397123,0.8866802342362213,11.0,0.0,39.0,30.0,,,,1.0
protectai_deberta,E3_obfuscated,1900.0,646.0,0.5,0.7063157894736842,0.5586666666666666,0.6486068111455109,0.7360446570972887,0.6002865329512894,0.684086694096277,0.3727802282255477,0.7602106695108163,0.5716924812710267,419.0,331.0,923.0,227.0,,,,1.0
protectai_deberta,E4_codemix,900.0,450.0,0.5,0.7844444444444445,0.7057877813504824,0.9755555555555556,0.5933333333333334,0.8190298507462687,0.7762731671313761,0.6156336854960384,0.9392271604938272,0.941186674647364,439.0,183.0,267.0,11.0,,,,1.0
protectai_deberta,E5_crossdataset,1000.0,1000.0,0.5,1.0,1.0,1.0,,1.0,,,,,1000.0,0.0,0.0,0.0,all-injection set: accuracy = recall,,,1.0
protectai_deberta,FP_promptbench,4150.0,0.0,0.5,0.971566265060241,0.0,,0.971566265060241,,,,,,0.0,118.0,4032.0,0.0,all-safe set: accuracy = specificity,,,1.0
protectai_deberta,E5x_pooled,5150.0,1000.0,0.5,0.9770873786407768,0.8944543828264758,1.0,0.971566265060241,0.9442870632672332,0.9649325807658582,0.9322133360929152,0.9997892771084336,0.9990619717727138,1000.0,118.0,4032.0,0.0,,,,1.0
distilbert_adv,E1_clean,100.0,34.0,0.6288932799796263,0.9566666666666668,0.9696969696969696,0.9019607843137256,0.9848484848484848,0.933743978520098,0.95076420154258,0.9037868690068236,0.9846999405822936,0.9822234114619116,30.666666666666668,1.0,65.0,3.3333333333333335,,0.0135143024855771,0.0115470053837925,3.0
distilbert_adv,E2_paraphrase,80.0,41.0,0.6288932799796263,0.9291666666666668,0.9664529914529916,0.894308943089431,0.9658119658119658,0.9282109594975092,0.929099452021208,0.8621947291002677,0.9849906191369606,0.9894813440297384,36.666666666666664,1.3333333333333333,37.666666666666664,4.333333333333333,,0.0191208112973505,0.0190940653956492,3.0
distilbert_adv,E3_obfuscated,1900.0,646.0,0.6288932799796263,0.9010526315789472,0.8330788816883773,0.8931888544891641,0.905103668261563,0.8606323736667592,0.8918948186761243,0.7870331225090615,0.9596539782705662,0.927407156329254,577.0,119.0,1135.0,69.0,,0.0327489315239608,0.0316315351606667,3.0
distilbert_adv,E4_codemix,900.0,450.0,0.6288932799796263,0.7999999999999999,0.735481542512128,0.9629629629629628,0.637037037037037,0.8306067452046819,0.7904776746514409,0.6418178031299394,0.929677366255144,0.9276627558205052,433.3333333333333,163.33333333333334,286.6666666666667,16.666666666666668,,0.0866973175853039,0.0733417503587078,3.0
distilbert_adv,E5_crossdataset,1000.0,1000.0,0.6288932799796263,0.934,1.0,0.934,,0.965823274885774,,,,,934.0,0.0,0.0,66.0,all-injection set: accuracy = recall,,0.0165227116418583,3.0
distilbert_adv,FP_promptbench,4150.0,0.0,0.6288932799796263,0.0021686746987951,0.0,,0.0021686746987951,,,,,,0.0,4141.0,9.0,0.0,all-safe set: accuracy = specificity,,0.0008688075362563,3.0
distilbert_adv,E5x_pooled,5150.0,1000.0,0.6288932799796263,0.1831067961165048,0.1840327821209623,0.934,0.0021686746987951,0.3074800307314189,0.1558676731667051,-0.2099796766851089,0.4522481526104417,0.2019542812863983,934.0,4141.0,9.0,66.0,,0.0014781181018095,0.0025686905932665,3.0
