n,n_injection,accuracy,precision,recall,specificity,f1_injection,macro_f1,mcc,roc_auc,pr_auc,tp,fp,tn,fn,model,condition,threshold,note,seed
100,34,0.97,0.9696969696969697,0.9411764705882353,0.9848484848484849,0.9552238805970149,0.9663337448097856,0.9329099941406852,0.9955436720142602,0.9924065413305012,32,1,65,2,distilbert_adv,E1_clean,0.7879048991203307,,42
80,41,0.95,0.9743589743589743,0.926829268292683,0.9743589743589743,0.95,0.95,0.9011882426516573,0.9906191369606003,0.9924893171472589,38,1,38,3,distilbert_adv,E2_paraphrase,0.7879048991203307,,42
1900,646,0.9315789473684211,0.8760932944606414,0.9303405572755418,0.9322169059011164,0.9024024024024024,0.9248640861282676,0.850710245460684,0.9808587751393683,0.9631176455656241,601,85,1169,45,distilbert_adv,E3_obfuscated,0.7879048991203307,,42
900,450,0.8477777777777777,0.7760141093474426,0.9777777777777777,0.7177777777777777,0.8652900688298918,0.8451609986550481,0.7203286546606504,0.9384395061728394,0.9328515390131572,440,127,323,10,distilbert_adv,E4_codemix,0.7879048991203307,,42
1000,1000,0.945,1.0,0.945,,0.9717223650385605,,,,,945,0,0,55,distilbert_adv,E5_crossdataset,0.7879048991203307,all-injection set: accuracy = recall,42
4150,0,0.0019277108433734939,0.0,,0.0019277108433734939,,,,,,0,4142,8,0,distilbert_adv,FP_promptbench,0.7879048991203307,all-safe set: accuracy = specificity,42
5150,1000,0.1850485436893204,0.1857676430115982,0.945,0.0019277108433734939,0.3104977821586989,0.15714777548476128,-0.19098124720811369,0.4852422891566265,0.22193212749409902,945,4142,8,55,distilbert_adv,E5x_pooled,0.7879048991203307,,42
100,34,0.95,0.9393939393939394,0.9117647058823529,0.9696969696969697,0.9253731343283582,0.9438895746829761,0.8880153842205367,0.963903743315508,0.964272050283528,31,2,64,3,distilbert_adv,E1_clean,0.21177820429205882,,1337
80,41,0.9125,0.925,0.9024390243902439,0.9230769230769231,0.9135802469135802,0.9124863259884357,0.8252579334125864,0.9674796747967479,0.9787791263029533,37,3,36,4,distilbert_adv,E2_paraphrase,0.21177820429205882,,1337
1900,646,0.868421052631579,0.7564766839378239,0.9040247678018576,0.8500797448165869,0.8236953455571228,0.8593707626190316,0.7273331246058501,0.9293511537075168,0.8837045025075003,584,188,1066,62,distilbert_adv,E3_obfuscated,0.21177820429205882,,1337
900,450,0.7155555555555555,0.6373937677053825,1.0,0.4311111111111111,0.7785467128027682,0.6905155924262288,0.5242018079048992,0.9167950617283951,0.91406242211078,450,256,194,0,distilbert_adv,E4_codemix,0.21177820429205882,,1337
1000,1000,0.942,1.0,0.942,,0.9701338825952626,,,,,942,0,0,58,distilbert_adv,E5_crossdataset,0.21177820429205882,all-injection set: accuracy = recall,1337
4150,0,0.0014457831325301205,0.0,,0.0014457831325301205,,,,,,0,4144,6,0,distilbert_adv,FP_promptbench,0.21177820429205882,all-safe set: accuracy = specificity,1337
5150,1000,0.18407766990291263,0.18521431380259537,0.942,0.0014457831325301205,0.3095629313177785,0.1562052910029804,-0.2019346641030038,0.4376701204819277,0.20595911731464553,942,4144,6,58,distilbert_adv,E5x_pooled,0.21177820429205882,,1337
100,34,0.95,1.0,0.8529411764705882,1.0,0.9206349206349206,0.9420692851349786,0.8904352286592485,0.9946524064171124,0.9899916427717053,29,0,66,5,distilbert_adv,E1_clean,0.8869967365264892,,2024
80,41,0.925,1.0,0.8536585365853658,1.0,0.9210526315789473,0.924812030075188,0.8601380112365595,0.9968730456535335,0.9971755886390032,35,0,39,6,distilbert_adv,E2_paraphrase,0.8869967365264892,,2024
1900,646,0.9031578947368422,0.8666666666666667,0.8452012383900929,0.9330143540669856,0.8557993730407524,0.8914496072810735,0.7830559974606506,0.9687520059648135,0.9353993209146378,546,84,1170,100,distilbert_adv,E3_obfuscated,0.8869967365264892,,2024
900,450,0.8366666666666667,0.793036750483559,0.9111111111111111,0.7622222222222222,0.8479834539813857,0.8357564328730458,0.6809229468242683,0.9337975308641975,0.936074306337578,410,107,343,40,distilbert_adv,E4_codemix,0.8869967365264892,,2024
1000,1000,0.915,1.0,0.915,,0.9556135770234987,,,,,915,0,0,85,distilbert_adv,E5_crossdataset,0.8869967365264892,all-injection set: accuracy = recall,2024
4150,0,0.0031325301204819275,0.0,,0.0031325301204819275,,,,,,0,4137,13,0,distilbert_adv,FP_promptbench,0.8869967365264892,all-safe set: accuracy = specificity,2024
5150,1000,0.18019417475728156,0.18111638954869358,0.915,0.0031325301204819275,0.30237937871777926,0.15424995301237363,-0.23702311874420934,0.4338320481927711,0.17797159905045057,915,4137,13,85,distilbert_adv,E5x_pooled,0.8869967365264892,,2024
