condition,model_a,model_b,n,a_right_b_wrong,a_wrong_b_right,p_value,odds_ratio,acc_a,acc_b,alpha_bonferroni,significant
E1_clean,distilbert_adv,distilbert,100,4,1,0.375,3.0,0.97,0.94,0.0004761904761904762,False
E1_clean,distilbert_adv,linear_svm,100,8,1,0.0390625,5.666666666666667,0.97,0.9,0.0004761904761904762,False
E1_clean,distilbert_adv,logreg,100,7,2,0.1796875,3.0,0.97,0.92,0.0004761904761904762,False
E1_clean,distilbert_adv,naive_bayes,100,11,2,0.0224609375,4.6,0.97,0.88,0.0004761904761904762,False
E1_clean,distilbert_adv,protectai_deberta,100,19,1,4.00543212890625e-05,13.0,0.97,0.79,0.0004761904761904762,True
E1_clean,distilbert_adv,roberta,100,2,2,1.0,1.0,0.97,0.97,0.0004761904761904762,False
E1_clean,distilbert,linear_svm,100,8,4,0.3876953125,1.8888888888888888,0.94,0.9,0.0004761904761904762,False
E1_clean,distilbert,logreg,100,7,5,0.7744140625,1.3636363636363635,0.94,0.92,0.0004761904761904762,False
E1_clean,distilbert,naive_bayes,100,11,5,0.210113525390625,2.090909090909091,0.94,0.88,0.0004761904761904762,False
E1_clean,distilbert,protectai_deberta,100,18,3,0.0014896392822265625,5.285714285714286,0.94,0.79,0.0004761904761904762,False
E1_clean,distilbert,roberta,100,1,4,0.375,0.3333333333333333,0.94,0.97,0.0004761904761904762,False
E1_clean,linear_svm,logreg,100,0,2,0.5,0.2,0.9,0.92,0.0004761904761904762,False
E1_clean,linear_svm,naive_bayes,100,7,5,0.7744140625,1.3636363636363635,0.9,0.88,0.0004761904761904762,False
E1_clean,linear_svm,protectai_deberta,100,16,5,0.02660369873046875,3.0,0.9,0.79,0.0004761904761904762,False
E1_clean,linear_svm,roberta,100,1,8,0.0390625,0.17647058823529413,0.9,0.97,0.0004761904761904762,False
E1_clean,logreg,naive_bayes,100,7,3,0.34375,2.142857142857143,0.92,0.88,0.0004761904761904762,False
E1_clean,logreg,protectai_deberta,100,17,4,0.007197380065917969,3.888888888888889,0.92,0.79,0.0004761904761904762,False
E1_clean,logreg,roberta,100,2,7,0.1796875,0.3333333333333333,0.92,0.97,0.0004761904761904762,False
E1_clean,naive_bayes,protectai_deberta,100,17,8,0.10775214433670044,2.0588235294117645,0.88,0.79,0.0004761904761904762,False
E1_clean,naive_bayes,roberta,100,2,11,0.0224609375,0.21739130434782608,0.88,0.97,0.0004761904761904762,False
E1_clean,protectai_deberta,roberta,100,1,19,4.00543212890625e-05,0.07692307692307693,0.79,0.97,0.0004761904761904762,True
E2_paraphrase,distilbert_adv,distilbert,80,3,1,0.625,2.3333333333333335,0.95,0.925,0.0004761904761904762,False
E2_paraphrase,distilbert_adv,linear_svm,80,10,2,0.03857421875,4.2,0.95,0.85,0.0004761904761904762,False
E2_paraphrase,distilbert_adv,logreg,80,10,2,0.03857421875,4.2,0.95,0.85,0.0004761904761904762,False
E2_paraphrase,distilbert_adv,naive_bayes,80,8,3,0.2265625,2.4285714285714284,0.95,0.8875,0.0004761904761904762,False
E2_paraphrase,distilbert_adv,protectai_deberta,80,27,1,2.1606683731079102e-07,18.333333333333332,0.95,0.625,0.0004761904761904762,True
E2_paraphrase,distilbert_adv,roberta,80,1,2,1.0,0.6,0.95,0.9625,0.0004761904761904762,False
E2_paraphrase,distilbert,linear_svm,80,9,3,0.14599609375,2.7142857142857144,0.925,0.85,0.0004761904761904762,False
E2_paraphrase,distilbert,logreg,80,9,3,0.14599609375,2.7142857142857144,0.925,0.85,0.0004761904761904762,False
E2_paraphrase,distilbert,naive_bayes,80,7,4,0.548828125,1.6666666666666667,0.925,0.8875,0.0004761904761904762,False
E2_paraphrase,distilbert,protectai_deberta,80,26,2,3.032386302947998e-06,10.6,0.925,0.625,0.0004761904761904762,True
E2_paraphrase,distilbert,roberta,80,1,4,0.375,0.3333333333333333,0.925,0.9625,0.0004761904761904762,False
E2_paraphrase,linear_svm,logreg,80,0,0,1.0,1.0,0.85,0.85,0.0004761904761904762,False
E2_paraphrase,linear_svm,naive_bayes,80,3,6,0.5078125,0.5384615384615384,0.85,0.8875,0.0004761904761904762,False
E2_paraphrase,linear_svm,protectai_deberta,80,21,3,0.0002771615982055664,6.142857142857143,0.85,0.625,0.0004761904761904762,True
E2_paraphrase,linear_svm,roberta,80,1,10,0.01171875,0.14285714285714285,0.85,0.9625,0.0004761904761904762,False
E2_paraphrase,logreg,naive_bayes,80,3,6,0.5078125,0.5384615384615384,0.85,0.8875,0.0004761904761904762,False
E2_paraphrase,logreg,protectai_deberta,80,21,3,0.0002771615982055664,6.142857142857143,0.85,0.625,0.0004761904761904762,True
E2_paraphrase,logreg,roberta,80,1,10,0.01171875,0.14285714285714285,0.85,0.9625,0.0004761904761904762,False
E2_paraphrase,naive_bayes,protectai_deberta,80,23,2,1.9431114196777344e-05,9.4,0.8875,0.625,0.0004761904761904762,True
E2_paraphrase,naive_bayes,roberta,80,2,8,0.109375,0.29411764705882354,0.8875,0.9625,0.0004761904761904762,False
E2_paraphrase,protectai_deberta,roberta,80,0,27,1.4901161193847656e-08,0.01818181818181818,0.625,0.9625,0.0004761904761904762,True
E3_obfuscated,distilbert_adv,distilbert,1900,302,31,5.749193897124172e-57,9.603174603174603,0.9315789473684211,0.7889473684210526,0.0004761904761904762,True
E3_obfuscated,distilbert_adv,linear_svm,1900,162,45,1.0542698300415469e-16,3.5714285714285716,0.9315789473684211,0.87,0.0004761904761904762,True
E3_obfuscated,distilbert_adv,logreg,1900,140,35,4.473770050344345e-16,3.9577464788732395,0.9315789473684211,0.8763157894736842,0.0004761904761904762,True
E3_obfuscated,distilbert_adv,naive_bayes,1900,181,48,2.3453483216798586e-19,3.7422680412371134,0.9315789473684211,0.861578947368421,0.0004761904761904762,True
E3_obfuscated,distilbert_adv,protectai_deberta,1900,455,27,2.061005661492844e-101,16.563636363636363,0.9315789473684211,0.7063157894736842,0.0004761904761904762,True
E3_obfuscated,distilbert_adv,roberta,1900,519,42,1.215751274573523e-105,12.223529411764705,0.9315789473684211,0.6805263157894736,0.0004761904761904762,True
E3_obfuscated,distilbert,linear_svm,1900,155,309,7.579755667137541e-13,0.5024232633279483,0.7889473684210526,0.87,0.0004761904761904762,True
E3_obfuscated,distilbert,logreg,1900,140,306,2.673334457021266e-15,0.45840130505709625,0.7889473684210526,0.8763157894736842,0.0004761904761904762,True
E3_obfuscated,distilbert,naive_bayes,1900,171,309,3.058203356410423e-10,0.5541195476575121,0.7889473684210526,0.861578947368421,0.0004761904761904762,True
E3_obfuscated,distilbert,protectai_deberta,1900,418,261,1.823110313947058e-09,1.6003824091778203,0.7889473684210526,0.7063157894736842,0.0004761904761904762,True
E3_obfuscated,distilbert,roberta,1900,302,96,6.57581164732515e-26,3.134715025906736,0.7889473684210526,0.6805263157894736,0.0004761904761904762,True
E3_obfuscated,linear_svm,logreg,1900,28,40,0.1818100545355934,0.7037037037037037,0.87,0.8763157894736842,0.0004761904761904762,False
E3_obfuscated,linear_svm,naive_bayes,1900,123,107,0.3226333597935479,1.1488372093023256,0.87,0.861578947368421,0.0004761904761904762,False
E3_obfuscated,linear_svm,protectai_deberta,1900,418,107,2.0463955979595232e-44,3.8930232558139535,0.87,0.7063157894736842,0.0004761904761904762,True
E3_obfuscated,linear_svm,roberta,1900,508,148,4.533079412118686e-47,3.4242424242424243,0.87,0.6805263157894736,0.0004761904761904762,True
E3_obfuscated,logreg,naive_bayes,1900,100,72,0.03920922729377114,1.3862068965517242,0.8763157894736842,0.861578947368421,0.0004761904761904762,False
E3_obfuscated,logreg,protectai_deberta,1900,406,83,4.0206443887796624e-52,4.868263473053892,0.8763157894736842,0.7063157894736842,0.0004761904761904762,True
E3_obfuscated,logreg,roberta,1900,504,132,4.22518585253164e-52,3.8075471698113206,0.8763157894736842,0.6805263157894736,0.0004761904761904762,True
E3_obfuscated,naive_bayes,protectai_deberta,1900,413,118,2.3660810228710935e-39,3.4894514767932487,0.861578947368421,0.7063157894736842,0.0004761904761904762,True
E3_obfuscated,naive_bayes,roberta,1900,506,162,4.412876303664878e-42,3.116923076923077,0.861578947368421,0.6805263157894736,0.0004761904761904762,True
E3_obfuscated,protectai_deberta,roberta,1900,317,268,0.04710131849954093,1.1824953445065176,0.7063157894736842,0.6805263157894736,0.0004761904761904762,False
E4_codemix,distilbert_adv,distilbert,900,177,12,8.29560841232113e-39,14.2,0.8477777777777777,0.6644444444444444,0.0004761904761904762,True
E4_codemix,distilbert_adv,linear_svm,900,294,115,3.5859701991028026e-19,2.54978354978355,0.8477777777777777,0.6488888888888888,0.0004761904761904762,True
E4_codemix,distilbert_adv,logreg,900,273,115,6.246685660629812e-16,2.367965367965368,0.8477777777777777,0.6722222222222223,0.0004761904761904762,True
E4_codemix,distilbert_adv,naive_bayes,900,199,85,1.0667770468256284e-11,2.3333333333333335,0.8477777777777777,0.7211111111111111,0.0004761904761904762,True
E4_codemix,distilbert_adv,protectai_deberta,900,154,97,0.00038754273134235424,1.5846153846153845,0.8477777777777777,0.7844444444444445,0.0004761904761904762,True
E4_codemix,distilbert_adv,roberta,900,217,39,4.062647340046005e-31,5.506329113924051,0.8477777777777777,0.65,0.0004761904761904762,True
E4_codemix,distilbert,linear_svm,900,304,290,0.5937963496188154,1.0481927710843373,0.6644444444444444,0.6488888888888888,0.0004761904761904762,False
E4_codemix,distilbert,logreg,900,283,290,0.8021084266613668,0.9759036144578314,0.6644444444444444,0.6722222222222223,0.0004761904761904762,False
E4_codemix,distilbert,naive_bayes,900,201,252,0.01871470238191255,0.7980198019801981,0.6644444444444444,0.7211111111111111,0.0004761904761904762,False
E4_codemix,distilbert,protectai_deberta,900,28,136,3.158922745830929e-18,0.2087912087912088,0.6644444444444444,0.7844444444444445,0.0004761904761904762,True
E4_codemix,distilbert,roberta,900,42,29,0.1539127693264563,1.4406779661016949,0.6644444444444444,0.65,0.0004761904761904762,False
E4_codemix,linear_svm,logreg,900,0,21,9.5367431640625e-07,0.023255813953488372,0.6488888888888888,0.6722222222222223,0.0004761904761904762,True
E4_codemix,linear_svm,naive_bayes,900,57,122,1.3332849321178445e-06,0.46938775510204084,0.6488888888888888,0.7211111111111111,0.0004761904761904762,True
E4_codemix,linear_svm,protectai_deberta,900,182,304,3.4539287096614025e-08,0.5993431855500821,0.6488888888888888,0.7844444444444445,0.0004761904761904762,True
E4_codemix,linear_svm,roberta,900,304,305,1.0,0.9967266775777414,0.6488888888888888,0.65,0.0004761904761904762,False
E4_codemix,logreg,naive_bayes,900,58,102,0.0006293470747506881,0.5707317073170731,0.6722222222222223,0.7211111111111111,0.0004761904761904762,False
E4_codemix,logreg,protectai_deberta,900,183,284,3.407523277916833e-06,0.6449912126537786,0.6722222222222223,0.7844444444444445,0.0004761904761904762,True
E4_codemix,logreg,roberta,900,304,284,0.4333314093732674,1.070298769771529,0.6722222222222223,0.65,0.0004761904761904762,False
E4_codemix,naive_bayes,protectai_deberta,900,170,227,0.004882911609250171,0.7494505494505495,0.7211111111111111,0.7844444444444445,0.0004761904761904762,False
E4_codemix,naive_bayes,roberta,900,265,201,0.0034738160454748455,1.317617866004963,0.7211111111111111,0.65,0.0004761904761904762,False
E4_codemix,protectai_deberta,roberta,900,133,12,5.5591920692657695e-27,10.68,0.7844444444444445,0.65,0.0004761904761904762,True
E5x_pooled,distilbert_adv,distilbert,5150,31,7,0.00011616700794547796,4.2,0.1850485436893204,0.18038834951456312,0.0004761904761904762,True
E5x_pooled,distilbert_adv,linear_svm,5150,45,1278,1.31093309e-314,0.035588580367618305,0.1850485436893204,0.42446601941747575,0.0004761904761904762,True
E5x_pooled,distilbert_adv,logreg,5150,27,919,4.8863924229307615e-233,0.029907558455682437,0.1850485436893204,0.35825242718446604,0.0004761904761904762,True
E5x_pooled,distilbert_adv,naive_bayes,5150,11,200,4.558551636785989e-46,0.057356608478802994,0.1850485436893204,0.22174757281553398,0.0004761904761904762,True
E5x_pooled,distilbert_adv,protectai_deberta,5150,0,4079,0.0,0.00012256403971074888,0.1850485436893204,0.9770873786407767,0.0004761904761904762,True
E5x_pooled,distilbert_adv,roberta,5150,52,26,0.004334880883507413,1.9811320754716981,0.1850485436893204,0.18,0.0004761904761904762,False
E5x_pooled,distilbert,linear_svm,5150,47,1304,1.00463e-319,0.03641241855116903,0.18038834951456312,0.42446601941747575,0.0004761904761904762,True
E5x_pooled,distilbert,logreg,5150,30,946,3.7498127412782437e-237,0.03222398309561542,0.18038834951456312,0.35825242718446604,0.0004761904761904762,True
E5x_pooled,distilbert,naive_bayes,5150,16,229,1.8557704179297578e-49,0.0718954248366013,0.18038834951456312,0.22174757281553398,0.0004761904761904762,True
E5x_pooled,distilbert,protectai_deberta,5150,0,4103,0.0,0.00012184720360667723,0.18038834951456312,0.9770873786407767,0.0004761904761904762,True
E5x_pooled,distilbert,roberta,5150,33,31,0.9006532462520334,1.0634920634920635,0.18038834951456312,0.18,0.0004761904761904762,False
E5x_pooled,linear_svm,logreg,5150,379,38,8.102685519251543e-72,9.857142857142858,0.42446601941747575,0.35825242718446604,0.0004761904761904762,True
E5x_pooled,linear_svm,naive_bayes,5150,1111,67,1.2260906784807215e-244,16.466666666666665,0.42446601941747575,0.22174757281553398,0.0004761904761904762,True
E5x_pooled,linear_svm,protectai_deberta,5150,17,2863,0.0,0.006111402130260171,0.42446601941747575,0.9770873786407767,0.0004761904761904762,True
E5x_pooled,linear_svm,roberta,5150,1301,42,0.0,30.623529411764707,0.42446601941747575,0.18,0.0004761904761904762,True
E5x_pooled,logreg,naive_bayes,5150,746,43,1.2618827018848026e-166,17.160919540229884,0.35825242718446604,0.22174757281553398,0.0004761904761904762,True
E5x_pooled,logreg,protectai_deberta,5150,11,3198,0.0,0.0035954353603251522,0.35825242718446604,0.9770873786407767,0.0004761904761904762,True
E5x_pooled,logreg,roberta,5150,943,25,1.7223851111787794e-242,37.0,0.35825242718446604,0.18,0.0004761904761904762,True
E5x_pooled,naive_bayes,protectai_deberta,5150,1,3891,0.0,0.00038545547989207247,0.22174757281553398,0.9770873786407767,0.0004761904761904762,True
E5x_pooled,naive_bayes,roberta,5150,239,24,9.815496666985643e-46,9.775510204081632,0.22174757281553398,0.18,0.0004761904761904762,True
E5x_pooled,protectai_deberta,roberta,5150,4105,0,0.0,8211.0,0.9770873786407767,0.18,0.0004761904761904762,True
