model,method,n,macro_f1,ASR_pct
distilbert_adv,P1_back_translation,34.0,0.8584478359403477,7.124756335282651
distilbert_adv,P3_wordnet,46.0,0.9778382518948557,0.0
distilbert,P1_back_translation,34.0,0.8499881139162269,9.270725834193327
distilbert,P3_wordnet,46.0,0.9852564102564102,0.0
linear_svm,P1_back_translation,34.0,0.8131868131868132,10.526315789473683
linear_svm,P3_wordnet,46.0,0.8600405679513184,6.666666666666667
logreg,P1_back_translation,34.0,0.8131868131868132,15.0
logreg,P3_wordnet,46.0,0.8600405679513184,6.666666666666667
naive_bayes,P1_back_translation,34.0,0.8785714285714286,10.0
naive_bayes,P3_wordnet,46.0,0.881869542886492,0.0
protectai_deberta,P1_back_translation,34.0,0.5142857142857142,33.33333333333333
protectai_deberta,P3_wordnet,46.0,0.6053921568627451,0.0
roberta,P1_back_translation,34.0,0.8980965285843334,10.974025974025972
roberta,P3_wordnet,46.0,1.0,0.0
