model,E1_macro_f1,E1_ci_low,E1_ci_high,E2_macro_f1,E2_RDR_pct,E2_ASR_pct,E2_n_caught,E2_mcnemar_b,E2_mcnemar_c,E2_mcnemar_p,E3_macro_f1,E3_RDR_pct,E3_ASR_pct,E3_n_caught,E3_mcnemar_b,E3_mcnemar_c,E3_mcnemar_p,E4_f1_bn,E4_f1_bn-en,E4_f1_en,CLD_en_minus_bnen,CLD_en_minus_bn
distilbert_adv_seed1337,0.9438895746829761,0.8927184718200343,0.9884138570269957,0.9124863259884357,3.327004507395663,2.631578947368421,38,2,0,0.5,0.8593707626190316,8.954311429102479,1.3582342954159592,589,159,4,4.971661895138105e-42,0.6155585707824514,0.625,0.8139727159983464,0.18897271599834642,0.19841414521589507
distilbert_adv_seed2024,0.9420692851349786,0.8885556887331735,0.9882061563863663,0.924812030075188,1.831845633022415,5.405405405405405,37,2,0,0.5,0.8914496072810735,5.373243630021582,2.35934664246824,551,97,8,1.4953374522738916e-20,0.847930160518164,0.7878974026124549,0.8607321187966349,0.07283471618418003,0.01280195827847097
distilbert_adv_seed42,0.9663337448097856,0.9220226216003906,1.0,0.95,1.6902798745790277,2.564102564102564,39,1,0,1.0,0.9248640861282676,4.291442672291333,1.9736842105263157,608,90,17,3.5057799981190235e-13,0.9233256658999234,0.7610569715142428,0.8429748304583314,0.08191785894408865,-0.08035083544159194
distilbert_seed1337,0.9430199430199431,0.8918139199423007,0.9882061563863663,0.924812030075188,1.930808895350163,8.108108108108109,37,3,1,0.625,0.7642743710975566,18.954590859443403,0.0,570,379,34,7.617239060798361e-75,0.34797932330827064,0.4034090909090909,0.8465473145780051,0.44313822366891426,0.4985679912697345
distilbert_seed2024,0.9547715965626413,0.910873440285205,0.9893360363214022,0.9374902328488826,1.8099997712515699,2.631578947368421,38,3,1,0.625,0.7874758777777275,17.522066993531237,0.0,589,352,32,2.8060731547560724e-69,0.3333333333333333,0.4724573671942093,0.8321898651811093,0.3597324979869,0.49885653184777595
distilbert_seed42,0.9310661764705883,0.8782614207993991,0.9777259505200682,0.924812030075188,0.6717187836323365,2.7777777777777777,36,1,0,1.0,0.783587963298291,15.839713319986132,0.0,551,337,50,2.17142055336354e-53,0.429402550906243,0.5183057100014596,0.8465473145780051,0.3282416045765455,0.4171447636717621
linear_svm,0.8885918003565062,0.8197109966642625,0.9460833423219357,0.849624060150376,4.385336460509342,8.823529411764707,34,3,3,1.0,0.8546748826607286,3.8169289523232215,8.348457350272232,551,106,49,5.444474437808372e-06,0.34069824038702634,0.5783475783475784,0.8121309715512615,0.23378339320368302,0.4714327311642351
logreg,0.910873440285205,0.8511569605319605,0.9639549857102252,0.849624060150376,6.724247016759119,11.428571428571429,35,4,2,0.6875,0.8623602216416588,5.326010892177966,8.771929824561402,570,118,35,1.0223165796017012e-11,0.34069824038702634,0.6303780000985659,0.8461126722868995,0.21573467218833353,0.5054144318998731
naive_bayes,0.8663101604278074,0.8015873015873016,0.9340866815476191,0.8866320264525271,-2.345795646063329,5.88235294117647,34,2,2,1.0,0.8474086184662749,2.1818446585225773,3.571428571428571,532,93,58,0.005482468785760618,0.3693367162015223,0.7696903614859978,0.875937454594226,0.10624709310822822,0.5066007383927037
protectai_deberta,0.707968293700459,0.5920740169161013,0.7973257702687738,0.5726495726495726,19.11366967348112,21.428571428571427,14,3,0,0.25,0.684086694096277,3.3732583530479836,6.477732793522267,247,347,188,5.9383941909147156e-12,0.38999942722950914,0.86165941222121,0.9633296662999633,0.1016702540787533,0.5733302390704542
roberta_seed1337,0.988936829295276,0.9639193914821679,1.0,0.9624941397093296,2.6738502200175605,7.317073170731707,41,3,0,0.25,0.6259068724442686,36.70911488954309,0.46439628482972134,646,690,0,3.8934355277724873e-208,0.3333333333333333,0.3551783129359126,0.9058464849354376,0.550668171999525,0.5725131516021043
roberta_seed2024,0.9777183600713013,0.9446841464763802,1.0,0.9499687304565353,2.838202773725384,7.5,40,3,0,0.25,0.7707928708157943,21.16412023196708,0.6379585326953748,627,408,15,1.416037446816771e-100,0.3333333333333333,0.34797932330827064,0.9194847020933977,0.5715053787851271,0.5861513687600644
roberta_seed42,0.9663337448097856,0.9235470764728901,1.0,0.9624941397093296,0.39733737138733505,2.564102564102564,39,1,0,1.0,0.6805064027536343,29.578532633403377,0.0,608,581,31,1.7102863215110854e-132,0.3333333333333333,0.34797932330827064,0.943150784184771,0.5951714608765004,0.6098174508514378
