model,technique,perturbation_rate,macro_f1,ASR_pct,n
distilbert,O1_leetspeak,0.1,0.8043014152648142,0.0,100.0
distilbert,O1_leetspeak,0.2,0.6913741190309368,0.0,100.0
distilbert,O1_leetspeak,0.3,0.5130741507553102,0.0,100.0
distilbert,O2_char_spacing,0.1,0.7026852599565835,0.0,100.0
distilbert,O2_char_spacing,0.2,0.5592053310182082,0.0,100.0
distilbert,O2_char_spacing,0.3,0.4888751958424089,0.0,100.0
distilbert,O3_zero_width,0.1,0.9429525720177242,0.0,100.0
distilbert,O3_zero_width,0.2,0.9429525720177242,0.0,100.0
distilbert,O3_zero_width,0.3,0.9429525720177242,0.0,100.0
distilbert,O4_homoglyph,0.1,0.8457706224126946,0.0,100.0
distilbert,O4_homoglyph,0.2,0.7422561343372546,0.0,100.0
distilbert,O4_homoglyph,0.3,0.6632062365479867,0.0,100.0
distilbert,O5_base64,1.0,0.2537313432835821,0.0,100.0
distilbert,O6_random_case,0.1,0.9429525720177242,0.0,100.0
distilbert,O6_random_case,0.2,0.9469371608675091,0.0,100.0
distilbert,O6_random_case,0.3,0.9469371608675091,0.0,100.0
distilbert,O7_typo,0.1,0.9581499529827742,0.0,100.0
distilbert,O7_typo,0.2,0.9054734195384925,0.0,100.0
distilbert,O7_typo,0.3,0.8770138888839819,0.0,100.0
linear_svm,O1_leetspeak,0.1,0.9080882352941176,3.4482758620689653,100.0
linear_svm,O1_leetspeak,0.2,0.8597475455820476,13.793103448275861,100.0
linear_svm,O1_leetspeak,0.3,0.8437312176944345,20.689655172413794,100.0
linear_svm,O2_char_spacing,0.1,0.879899552352877,0.0,100.0
linear_svm,O2_char_spacing,0.2,0.9017359973796266,0.0,100.0
linear_svm,O2_char_spacing,0.3,0.862738887129131,3.4482758620689653,100.0
linear_svm,O3_zero_width,0.1,0.9080882352941176,3.4482758620689653,100.0
linear_svm,O3_zero_width,0.2,0.8938554074772969,10.344827586206897,100.0
linear_svm,O3_zero_width,0.3,0.8597475455820476,13.793103448275861,100.0
linear_svm,O4_homoglyph,0.1,0.9095431931252826,3.4482758620689653,100.0
linear_svm,O4_homoglyph,0.2,0.8957247132429613,6.896551724137931,100.0
linear_svm,O4_homoglyph,0.3,0.8677725688183676,20.689655172413794,100.0
linear_svm,O5_base64,1.0,0.32939645681113006,51.724137931034484,100.0
linear_svm,O6_random_case,0.1,0.8885918003565062,0.0,100.0
linear_svm,O6_random_case,0.2,0.8885918003565062,0.0,100.0
linear_svm,O6_random_case,0.3,0.8885918003565062,0.0,100.0
linear_svm,O7_typo,0.1,0.8869289914066034,3.4482758620689653,100.0
linear_svm,O7_typo,0.2,0.9188969991889699,3.4482758620689653,100.0
linear_svm,O7_typo,0.3,0.8885918003565062,0.0,100.0
logreg,O1_leetspeak,0.1,0.8957247132429613,10.0,100.0
logreg,O1_leetspeak,0.2,0.8466800330227622,20.0,100.0
logreg,O1_leetspeak,0.3,0.8571428571428572,20.0,100.0
logreg,O2_char_spacing,0.1,0.8869289914066034,6.666666666666667,100.0
logreg,O2_char_spacing,0.2,0.9004314636574842,3.3333333333333335,100.0
logreg,O2_char_spacing,0.3,0.9214454045561665,6.666666666666667,100.0
logreg,O3_zero_width,0.1,0.9202279202279202,3.3333333333333335,100.0
logreg,O3_zero_width,0.2,0.8938554074772969,13.333333333333334,100.0
logreg,O3_zero_width,0.3,0.9095431931252826,10.0,100.0
logreg,O4_homoglyph,0.1,0.8851102941176471,10.0,100.0
logreg,O4_homoglyph,0.2,0.8938554074772969,13.333333333333334,100.0
logreg,O4_homoglyph,0.3,0.8571428571428572,23.333333333333332,100.0
logreg,O5_base64,1.0,0.23076923076923078,13.333333333333334,100.0
logreg,O6_random_case,0.1,0.910873440285205,0.0,100.0
logreg,O6_random_case,0.2,0.910873440285205,0.0,100.0
logreg,O6_random_case,0.3,0.910873440285205,0.0,100.0
logreg,O7_typo,0.1,0.8885918003565062,3.3333333333333335,100.0
logreg,O7_typo,0.2,0.9188969991889699,6.666666666666667,100.0
logreg,O7_typo,0.3,0.899001234429357,3.3333333333333335,100.0
naive_bayes,O1_leetspeak,0.1,0.8885918003565062,3.571428571428571,100.0
naive_bayes,O1_leetspeak,0.2,0.8831229546517064,10.714285714285714,100.0
naive_bayes,O1_leetspeak,0.3,0.8621323529411764,7.142857142857142,100.0
naive_bayes,O2_char_spacing,0.1,0.8621323529411764,7.142857142857142,100.0
naive_bayes,O2_char_spacing,0.2,0.8541128941757379,3.571428571428571,100.0
naive_bayes,O2_char_spacing,0.3,0.8869289914066034,3.571428571428571,100.0
naive_bayes,O3_zero_width,0.1,0.8663101604278074,0.0,100.0
naive_bayes,O3_zero_width,0.2,0.9202279202279202,7.142857142857142,100.0
naive_bayes,O3_zero_width,0.3,0.9214454045561665,0.0,100.0
naive_bayes,O4_homoglyph,0.1,0.864314789687924,3.571428571428571,100.0
naive_bayes,O4_homoglyph,0.2,0.8765570643025473,0.0,100.0
naive_bayes,O4_homoglyph,0.3,0.8333333333333334,17.857142857142858,100.0
naive_bayes,O5_base64,1.0,0.2537313432835821,0.0,100.0
naive_bayes,O6_random_case,0.1,0.8663101604278074,0.0,100.0
naive_bayes,O6_random_case,0.2,0.8663101604278074,0.0,100.0
naive_bayes,O6_random_case,0.3,0.8663101604278074,0.0,100.0
naive_bayes,O7_typo,0.1,0.8663101604278074,0.0,100.0
naive_bayes,O7_typo,0.2,0.8974358974358975,0.0,100.0
naive_bayes,O7_typo,0.3,0.8869289914066034,3.571428571428571,100.0
protectai_deberta,O1_leetspeak,0.1,0.7236478484011054,15.384615384615385,100.0
protectai_deberta,O1_leetspeak,0.2,0.7571636716852841,23.076923076923077,100.0
protectai_deberta,O1_leetspeak,0.3,0.7378917378917379,7.6923076923076925,100.0
protectai_deberta,O2_char_spacing,0.1,0.786833855799373,0.0,100.0
protectai_deberta,O2_char_spacing,0.2,0.7428705002337541,0.0,100.0
protectai_deberta,O2_char_spacing,0.3,0.7477931904161412,0.0,100.0
protectai_deberta,O3_zero_width,0.1,0.7150997150997151,7.6923076923076925,100.0
protectai_deberta,O3_zero_width,0.2,0.4812328349099786,7.6923076923076925,100.0
protectai_deberta,O3_zero_width,0.3,0.3030202456023896,0.0,100.0
protectai_deberta,O4_homoglyph,0.1,0.7304582210242587,0.0,100.0
protectai_deberta,O4_homoglyph,0.2,0.6843127731908694,15.384615384615385,100.0
protectai_deberta,O4_homoglyph,0.3,0.7834757834757835,7.6923076923076925,100.0
protectai_deberta,O5_base64,1.0,0.2537313432835821,0.0,100.0
protectai_deberta,O6_random_case,0.1,0.7662459093034129,7.6923076923076925,100.0
protectai_deberta,O6_random_case,0.2,0.6874684948079444,0.0,100.0
protectai_deberta,O6_random_case,0.3,0.5332792207792207,0.0,100.0
protectai_deberta,O7_typo,0.1,0.7258771929824561,7.6923076923076925,100.0
protectai_deberta,O7_typo,0.2,0.707968293700459,15.384615384615385,100.0
protectai_deberta,O7_typo,0.3,0.6984649122807017,7.6923076923076925,100.0
roberta,O1_leetspeak,0.1,0.8883473023937319,0.0,100.0
roberta,O1_leetspeak,0.2,0.6968492474957992,1.0101010101010102,100.0
roberta,O1_leetspeak,0.3,0.5357332387082969,0.0,100.0
roberta,O2_char_spacing,0.1,0.7444653299916458,0.0,100.0
roberta,O2_char_spacing,0.2,0.6394885475194687,0.0,100.0
roberta,O2_char_spacing,0.3,0.5053650145260219,0.0,100.0
roberta,O3_zero_width,0.1,0.7947662851912162,0.0,100.0
roberta,O3_zero_width,0.2,0.5988706564516484,0.0,100.0
roberta,O3_zero_width,0.3,0.39896263252786895,0.0,100.0
roberta,O4_homoglyph,0.1,0.8788391291322699,0.0,100.0
roberta,O4_homoglyph,0.2,0.7707445165083869,0.0,100.0
roberta,O4_homoglyph,0.3,0.6726786462877997,0.0,100.0
roberta,O5_base64,1.0,0.2537313432835821,0.0,100.0
roberta,O6_random_case,0.1,0.7605698069806981,1.990493166963755,100.0
roberta,O6_random_case,0.2,0.4976956362888357,0.0,100.0
roberta,O6_random_case,0.3,0.4059348659245851,1.990493166963755,100.0
roberta,O7_typo,0.1,0.9815590557961852,0.0,100.0
roberta,O7_typo,0.2,0.97433088321366,0.0,100.0
roberta,O7_typo,0.3,0.931152502267235,1.990493166963755,100.0
