comparison,pairs,mean_score_en,mean_score_other,mean_shift,p_value,model
bn vs en,150,0.3232821475279828,0.17846380827327568,-0.1448183392547071,0.23238940778505168,distilbert_adv
bn-en vs en,150,0.3232821475279828,0.48787753904238346,0.16459539151440064,1.5843345745325217e-08,distilbert_adv
bn vs en,150,0.30218849023183186,0.7721503728628158,0.469961882630984,1.5674110709952894e-21,distilbert
bn-en vs en,150,0.30218849023183186,0.7856498419493437,0.4834613517175118,4.274263503927309e-24,distilbert
bn vs en,150,-0.4439376421979417,-0.7928959943102376,-0.3489583521122957,1.051065181228062e-14,linear_svm
bn-en vs en,150,-0.4439376421979417,-0.3948283786765245,0.04910926352141716,0.040384768694127875,linear_svm
bn vs en,150,0.18623538886878507,0.036558490938614414,-0.14967689793017064,1.7316838799112727e-14,logreg
bn-en vs en,150,0.18623538886878507,0.2164082487404301,0.030172859871645048,0.0011441024043664764,logreg
bn vs en,150,0.36936893349098476,0.4197299981895389,0.050361064698554156,0.27774252319095305,naive_bayes
bn-en vs en,150,0.36936893349098476,0.5629615857290946,0.19359265223810984,1.3500043078418746e-10,naive_bayes
bn vs en,150,0.02774607226252518,0.9152262300252915,0.8874801577627662,2.594302786258402e-26,protectai_deberta
bn-en vs en,150,0.02774607226252518,0.2629994949187418,0.23525342265621665,1.5906243634140304e-25,protectai_deberta
bn vs en,150,0.11960548041000339,0.9976673837502797,0.8780619033402763,2.2996057560669784e-26,roberta
bn-en vs en,150,0.11960548041000339,0.9830093805491924,0.863403900139189,2.2996057560669784e-26,roberta
